Date,USD_KRW,Gold,US10Y,DXY,KOSPI,SP500
2021-06-21,1134.25,1781.8,1.484,91.86,3240.79,4224.79
2021-06-22,1130.34,1776.3,1.472,91.73,3263.8799,4246.4399
2021-06-23,1132.51,1782.3,1.487,91.8,3276.1899,4241.8398
2021-06-24,1132.61,1775.6,1.487,91.82,3286.1001,4266.4902
2021-06-25,1130.8,1776.6,1.536,91.81,3302.8401,4280.7002
2021-06-28,1125.34,1779.6,1.478,91.88,3301.8899,4290.6099
2021-06-29,1129.04,1762.8,1.48,92.05,3286.6799,4291.7998
2021-06-30,1130.51,1770.8,1.443,92.44,3296.6799,4297.5
2021-07-01,1129.6,1775.9,1.48,92.6,3282.0601,4319.9399
2021-07-02,1132.41,1782.6,1.431,92.23,3281.78,4352.3398
2021-07-05,1129.77,1782.6,1.431,92.23,3293.21,4352.3398
2021-07-06,1129.4399,1793.5,1.37,92.55,3305.21,4343.54
2021-07-07,1135.48,1801.5,1.321,92.64,3285.3401,4358.1299
2021-07-08,1140.52,1799.6,1.288,92.36,3252.6799,4320.8198
2021-07-09,1146.28,1810.0,1.356,92.13,3217.95,4369.5498
2021-07-12,1144.3101,1805.5,1.363,92.23,3246.47,4384.6299
2021-07-13,1141.1,1809.4,1.415,92.75,3271.3799,4369.21
2021-07-14,1148.7,1824.3,1.356,92.41,3264.8101,4374.2998
2021-07-15,1143.41,1828.4,1.297,92.62,3286.22,4360.0298
2021-07-16,1140.12,1814.5,1.3,92.69,3276.9099,4327.1602
2021-07-19,1141.5,1808.7,1.181,92.89,3244.04,4258.4902
2021-07-20,1150.0699,1810.9,1.209,92.97,3232.7,4323.0601
2021-07-21,1147.48,1802.9,1.28,92.75,3215.9099,4358.6899
2021-07-22,1148.6899,1805.0,1.265,92.82,3250.21,4367.48
2021-07-23,1149.91,1801.4,1.286,92.91,3254.4199,4411.79
2021-07-26,1151.12,1798.7,1.276,92.65,3224.95,4422.2998
2021-07-27,1151.76,1799.5,1.234,92.43,3232.53,4401.46
2021-07-28,1153.5601,1799.5,1.261,92.32,3236.8601,4400.6401
2021-07-29,1149.41,1831.2,1.269,91.86,3242.6499,4419.1499
2021-07-30,1142.12,1812.6,1.239,92.17,3202.3201,4395.2598
2021-08-02,1150.9301,1818.1,1.174,92.05,3223.04,4387.1602
2021-08-03,1149.5601,1810.1,1.176,92.08,3237.1399,4423.1499
2021-08-04,1148.58,1810.5,1.184,92.27,3280.3799,4402.6602
2021-08-05,1144.0601,1805.1,1.217,92.24,3276.1299,4429.1001
2021-08-06,1143.12,1760.0,1.29,92.8,3270.3601,4436.52
2021-08-09,1144.92,1723.4,1.317,92.95,3260.4199,4432.3501
2021-08-10,1145.89,1728.8,1.342,93.06,3243.1899,4436.75
2021-08-11,1152.48,1750.4,1.329,92.91,3220.6201,4442.4102
2021-08-12,1152.85,1749.0,1.367,93.04,3208.3799,4460.8301
2021-08-13,1162.0601,1775.2,1.297,92.52,3171.29,4468.0
2021-08-16,1161.38,1786.9,1.257,92.63,3171.29,4479.71
2021-08-17,1164.5,1785.0,1.258,93.13,3143.0901,4448.0801
2021-08-18,1176.45,1781.6,1.273,93.14,3158.9299,4400.27
2021-08-19,1169.6801,1780.2,1.242,93.57,3097.8301,4405.7998
2021-08-20,1175.39,1781.0,1.26,93.5,3060.51,4441.6699
2021-08-23,1174.24,1803.2,1.255,92.96,3090.21,4479.5298
2021-08-24,1167.61,1805.6,1.29,92.89,3138.3,4486.23
2021-08-25,1163.47,1788.2,1.342,92.83,3146.8101,4496.1899
2021-08-26,1163.33,1792.2,1.342,93.06,3128.53,4470.0
2021-08-27,1170.0,1816.6,1.312,92.69,3133.8999,4509.3701
2021-08-30,1161.33,1809.0,1.285,92.65,3144.1899,4528.79
2021-08-31,1165.51,1815.0,1.304,92.63,3199.27,4522.6802
2021-09-01,1158.41,1813.1,1.302,92.45,3207.02,4524.0898
2021-09-02,1155.28,1808.7,1.294,92.23,3175.8501,4536.9502
2021-09-03,1157.13,1830.9,1.322,92.04,3201.0601,4535.4302
2021-09-06,1154.75,1830.9,1.322,92.04,3203.3301,4535.4302
2021-09-07,1155.54,1795.9,1.37,92.52,3187.4199,4520.0298
2021-09-08,1161.0,1790.7,1.334,92.65,3162.99,4514.0698
2021-09-09,1166.49,1797.4,1.299,92.48,3114.7,4493.2798
2021-09-10,1169.13,1789.6,1.341,92.58,3125.76,4458.5801
2021-09-13,1169.38,1792.0,1.324,92.62,3127.8601,4468.73
2021-09-14,1171.11,1804.7,1.277,92.65,3148.8301,4443.0498
2021-09-15,1170.8,1792.4,1.304,92.49,3153.3999,4480.7002
2021-09-16,1165.22,1754.6,1.331,92.86,3130.0901,4473.75
2021-09-17,1174.42,1749.4,1.37,93.2,3140.51,4432.9902
2021-09-20,1181.11,1761.8,1.309,93.24,3140.51,4357.73
2021-09-21,1186.3199,1776.0,1.324,93.2,3140.51,4354.1899
2021-09-22,1182.92,1776.7,1.336,93.46,3140.51,4395.6401
2021-09-23,1181.03,1747.7,1.41,93.1,3127.5801,4448.98
2021-09-24,1174.7,1749.7,1.46,93.33,3125.24,4455.48
2021-09-27,1179.2,1750.0,1.484,93.38,3133.6399,4443.1099
2021-09-28,1176.96,1735.8,1.534,93.77,3097.9199,4352.6299
2021-09-29,1186.89,1721.5,1.541,94.34,3060.27,4359.46
2021-09-30,1187.4301,1755.3,1.529,94.25,3068.8201,4307.54
2021-10-01,1183.72,1757.0,1.479,94.04,3019.1799,4357.04
2021-10-04,1180.0,1766.2,1.481,93.81,3019.1799,4300.46
2021-10-05,1183.78,1759.6,1.529,93.98,2962.1699,4345.7202
2021-10-06,1187.17,1760.5,1.524,94.27,2908.3101,4363.5498
2021-10-07,1191.38,1757.9,1.571,94.22,2959.46,4399.7598
2021-10-08,1191.15,1756.3,1.605,94.07,2956.3,4391.3398
2021-10-11,1195.58,1754.6,1.614,94.32,2956.3,4361.1899
2021-10-12,1195.8,1758.3,1.58,94.52,2916.3799,4350.6499
2021-10-13,1196.89,1793.7,1.549,94.08,2944.4099,4363.7998
2021-10-14,1186.71,1796.7,1.519,93.96,2988.6399,4438.2598
2021-10-15,1182.13,1767.2,1.576,93.94,3015.0601,4471.3701
2021-10-18,1181.79,1764.8,1.584,93.95,3006.6799,4486.46
2021-10-19,1185.6801,1769.7,1.635,93.79,3029.04,4519.6299
2021-10-20,1175.65,1784.1,1.636,93.56,3013.1299,4536.1899
2021-10-21,1174.59,1781.2,1.676,93.77,3007.3301,4549.7798
2021-10-22,1176.55,1795.5,1.655,93.61,3006.1599,4544.8999
2021-10-25,1176.54,1806.0,1.635,93.81,3020.54,4566.48
2021-10-26,1167.0601,1792.7,1.619,93.95,3049.0801,4574.79
2021-10-27,1167.33,1797.9,1.529,93.86,3025.49,4551.6802
2021-10-28,1172.17,1801.6,1.568,93.35,3009.55,4596.4199
2021-10-29,1167.37,1783.0,1.557,94.12,2970.6799,4605.3799
2021-11-01,1174.38,1795.1,1.575,93.88,2978.9399,4613.6699
2021-11-02,1176.5699,1788.7,1.549,94.09,3013.49,4630.6499
2021-11-03,1178.04,1763.6,1.579,93.86,2975.71,4660.5698
2021-11-04,1179.34,1793.0,1.524,94.35,2983.22,4680.0601
2021-11-05,1185.83,1816.4,1.453,94.32,2969.27,4697.5298
2021-11-08,1180.5,1827.4,1.497,94.05,2960.2,4701.7002
2021-11-09,1199.86,1830.2,1.432,93.96,2962.46,4685.25
2021-11-10,1177.5,1847.6,1.56,94.85,2930.1699,4646.71
2021-11-11,1184.14,1863.2,1.56,95.18,2924.9199,4649.27
2021-11-12,1183.11,1867.9,1.582,95.13,2968.8,4682.8501
2021-11-15,1179.11,1866.1,1.623,95.41,2999.52,4682.7998
2021-11-16,1183.51,1853.6,1.634,95.92,2997.21,4700.8999
2021-11-17,1184.05,1869.7,1.604,95.83,2962.4199,4688.6699
2021-11-18,1181.23,1861.0,1.589,95.54,2947.3799,4704.54
2021-11-19,1182.9,1851.2,1.536,96.07,2971.02,4697.96
2021-11-22,1191.63,1806.0,1.625,96.5,3013.25,4682.9399
2021-11-23,1189.5,1783.5,1.667,96.49,2997.3301,4690.7002
2021-11-24,1189.95,1784.1,1.645,96.84,2994.29,4701.46
2021-11-25,1187.88,1784.1,1.645,96.84,2980.27,4701.46
2021-11-26,1190.22,1785.3,1.482,96.09,2936.4399,4594.6201
2021-11-29,1194.61,1782.3,1.53,96.34,2909.3201,4655.27
2021-11-30,1190.74,1773.6,1.443,95.99,2839.01,4567.0
2021-12-01,1182.86,1781.6,1.434,96.05,2899.72,4513.04
2021-12-02,1177.11,1760.7,1.448,96.13,2945.27,4577.1001
2021-12-03,1176.77,1782.0,1.343,96.12,2968.3301,4538.4302
2021-12-06,1183.14,1777.5,1.434,96.29,2973.25,4591.6699
2021-12-07,1180.5601,1782.6,1.48,96.37,2991.72,4686.75
2021-12-08,1176.84,1783.4,1.509,95.89,3001.8,4701.21
2021-12-09,1172.5601,1774.6,1.487,96.27,3029.5701,4667.4502
2021-12-10,1177.33,1782.9,1.489,96.05,3010.23,4712.02
2021-12-13,1178.97,1786.3,1.424,96.32,3001.6599,4668.9702
2021-12-14,1185.1,1770.4,1.438,96.57,2987.95,4634.0898
2021-12-15,1184.23,1762.6,1.463,96.51,2989.3899,4709.8501
2021-12-16,1184.4,1796.6,1.422,96.04,3006.4099,4668.6699
2021-12-17,1186.15,1803.8,1.402,96.57,3017.73,4620.6401
2021-12-20,1186.39,1793.7,1.419,96.55,2963.0,4568.02
2021-12-21,1190.12,1787.9,1.487,96.49,2975.03,4649.23
2021-12-22,1191.27,1801.6,1.457,96.08,2984.48,4696.5601
2021-12-23,1187.77,1811.2,1.493,96.02,2998.1699,4725.79
2021-12-24,1185.5,1811.2,1.493,96.02,3012.4299,4725.79
2021-12-27,1185.92,1808.1,1.481,96.09,2999.55,4791.1899
2021-12-28,1185.65,1810.2,1.481,96.2,3020.24,4786.3501
2021-12-29,1187.85,1805.1,1.543,95.93,2993.29,4793.0601
2021-12-30,1183.67,1812.7,1.515,95.97,2977.6499,4778.73
2021-12-31,1189.89,1827.5,1.512,95.67,2977.6499,4766.1802
2022-01-03,1187.78,1799.4,1.628,96.24,2977.6499,4796.5601
2022-01-04,1194.6801,1814.0,1.668,96.29,2989.24,4793.54
2022-01-05,1196.5,1824.6,1.705,96.19,2953.97,4700.5801
2022-01-06,1199.25,1788.7,1.733,96.25,2920.53,4696.0498
2022-01-07,1205.78,1797.0,1.771,95.74,2954.8899,4677.0298
2022-01-10,1196.88,1798.4,1.78,95.99,2926.72,4670.29
2022-01-11,1198.09,1818.6,1.746,95.62,2927.3799,4713.0698
2022-01-12,1189.4301,1827.2,1.725,95.0,2972.48,4726.3501
2022-01-13,1185.88,1821.2,1.711,94.79,2962.0901,4659.0298
2022-01-14,1186.61,1816.5,1.772,95.17,2921.9199,4662.8501
2022-01-17,1188.96,1816.5,1.772,95.17,2890.1001,4662.8501
2022-01-18,1190.0601,1812.3,1.865,95.73,2864.24,4577.1099
2022-01-19,1192.98,1843.1,1.827,95.51,2842.28,4532.7598
2022-01-20,1188.16,1842.5,1.833,95.74,2862.6799,4482.73
2022-01-21,1192.4301,1831.8,1.747,95.64,2834.29,4397.9399
2022-01-24,1191.5,1841.7,1.735,95.92,2792.0,4410.1299
2022-01-25,1195.66,1852.7,1.783,95.95,2720.3899,4356.4502
2022-01-26,1196.1,1829.9,1.848,96.49,2709.24,4349.9302
2022-01-27,1200.63,1793.3,1.807,97.26,2614.49,4326.5098
2022-01-28,1203.46,1784.9,1.782,97.27,2663.3401,4431.8501
2022-01-31,1207.71,1795.0,1.782,96.54,2663.3401,4515.5498
2022-02-01,1205.12,1800.3,1.8,96.39,2663.3401,4546.54
2022-02-02,1202.5,1809.2,1.766,95.94,2663.3401,4589.3799
2022-02-03,1199.96,1803.0,1.827,95.38,2707.8201,4477.4399
2022-02-04,1200.33,1806.6,1.93,95.48,2750.26,4500.5298
2022-02-07,1197.09,1820.6,1.916,95.4,2745.0601,4483.8701
2022-02-08,1196.85,1826.6,1.954,95.64,2746.47,4521.54
2022-02-09,1196.36,1835.2,1.929,95.49,2768.8501,4587.1802
2022-02-10,1194.03,1836.2,2.031,95.55,2771.9299,4504.0801
2022-02-11,1199.35,1840.8,1.955,96.08,2747.71,4418.6401
2022-02-14,1199.24,1868.0,1.996,96.37,2704.48,4401.6699
2022-02-15,1197.36,1854.8,2.045,95.99,2676.54,4471.0698
2022-02-16,1196.83,1870.2,2.047,95.7,2729.6799,4475.0098
2022-02-17,1196.75,1900.7,1.972,95.8,2744.0901,4380.2598
2022-02-18,1198.66,1898.6,1.932,96.04,2744.52,4348.8701
2022-02-21,1195.0699,1898.6,1.932,96.04,2743.8,4348.8701
2022-02-22,1194.6801,1906.1,1.948,96.03,2706.79,4304.7598
2022-02-23,1192.6801,1909.2,1.977,96.19,2719.53,4225.5
2022-02-24,1192.4,1925.1,1.969,97.14,2648.8,4288.7002
2022-02-25,1206.0,1886.5,1.986,96.62,2676.76,4384.6499
2022-02-28,1197.59,1899.4,1.839,96.71,2699.1799,4373.9399
2022-03-01,1200.9301,1942.4,1.707,97.41,2699.1799,4306.2598
2022-03-02,1205.37,1920.9,1.865,97.39,2703.52,4386.54
2022-03-03,1203.15,1934.4,1.844,97.79,2747.0801,4363.4902
2022-03-04,1205.99,1965.1,1.724,98.65,2713.4299,4328.8701
2022-03-07,1216.71,1993.9,1.751,99.29,2651.3101,4201.0898
2022-03-08,1232.3,2040.1,1.872,99.06,2622.3999,4170.7002
2022-03-09,1233.11,1985.9,1.948,97.97,2622.3999,4277.8799
2022-03-10,1223.23,1998.1,2.011,98.51,2680.3201,4259.52
2022-03-11,1228.6,1982.7,2.004,99.12,2661.28,4204.3101
2022-03-14,1236.89,1959.6,2.14,99.06,2645.6499,4173.1099
2022-03-15,1242.05,1928.5,2.16,99.07,2621.53,4262.4502
2022-03-16,1241.6801,1908.0,2.188,98.38,2659.23,4357.8599
2022-03-17,1223.0,1942.1,2.192,98.01,2694.51,4411.6699
2022-03-18,1210.33,1928.2,2.148,98.23,2707.02,4463.1201
2022-03-21,1210.37,1928.6,2.315,98.5,2686.05,4461.1802
2022-03-22,1219.78,1920.7,2.373,98.49,2710.0,4511.6099
2022-03-23,1214.95,1936.6,2.321,98.62,2735.05,4456.2402
2022-03-24,1218.01,1961.6,2.341,98.79,2729.6599,4520.1602
2022-03-25,1217.55,1953.8,2.492,98.81,2729.98,4543.0601
2022-03-28,1224.38,1939.6,2.477,99.09,2729.5601,4575.52
2022-03-29,1223.66,1912.0,2.4,98.4,2741.0701,4631.6001
2022-03-30,1209.13,1933.5,2.358,97.79,2746.74,4602.4502
2022-03-31,1210.4399,1949.2,2.327,98.31,2757.6499,4530.4102
2022-04-01,1214.5,1919.1,2.377,98.63,2739.8501,4545.8599
2022-04-04,1218.78,1929.2,2.412,98.99,2757.8999,4582.6401
2022-04-05,1213.9,1922.9,2.556,99.47,2759.2,4525.1201
2022-04-06,1218.75,1918.4,2.609,99.6,2735.03,4481.1499
2022-04-07,1217.6,1933.8,2.652,99.75,2695.8601,4500.21
2022-04-08,1222.66,1941.6,2.713,99.8,2700.3899,4488.2798
2022-04-11,1228.24,1944.3,2.78,99.93,2693.1001,4412.5298
2022-04-12,1235.05,1972.1,2.725,100.29,2666.76,4397.4502
2022-04-13,1228.6,1981.0,2.687,99.88,2716.49,4446.5898
2022-04-14,1223.12,1970.9,2.828,100.32,2716.71,4392.5898
2022-04-15,1230.1,1970.9,2.828,100.32,2696.0601,4392.5898
2022-04-18,1228.09,1982.9,2.862,100.78,2693.21,4391.6899
2022-04-19,1235.35,1955.7,2.913,100.96,2718.8899,4462.21
2022-04-20,1239.6,1952.3,2.84,100.39,2718.6899,4459.4502
2022-04-21,1234.09,1944.9,2.917,100.58,2728.21,4393.6602
2022-04-22,1242.49,1931.0,2.906,101.22,2704.71,4271.7798
2022-04-25,1243.16,1893.2,2.826,101.75,2657.1299,4296.1201
2022-04-26,1249.21,1901.4,2.772,102.3,2668.3101,4175.2002
2022-04-27,1260.71,1885.9,2.818,102.95,2639.0601,4183.96
2022-04-28,1266.28,1888.7,2.863,103.62,2667.49,4287.5
2022-04-29,1272.29,1909.3,2.887,102.96,2695.05,4131.9302
2022-05-02,1262.53,1861.8,2.996,103.74,2687.45,4155.3799
2022-05-03,1266.75,1868.8,2.96,103.47,2680.46,4175.48
2022-05-04,1261.0601,1867.0,2.917,102.59,2677.5701,4300.1699
2022-05-05,1251.5,1874.0,3.066,103.75,2677.5701,4146.8701
2022-05-06,1268.7,1881.2,3.123,103.66,2644.51,4123.3398
2022-05-09,1270.13,1857.1,3.079,103.65,2644.51,3991.24
2022-05-10,1274.86,1839.9,2.993,103.92,2596.5601,4001.05
2022-05-11,1276.55,1852.6,2.921,103.85,2592.27,3935.1799
2022-05-12,1278.15,1823.8,2.817,104.85,2550.0801,3930.0801
2022-05-13,1290.75,1807.4,2.935,104.56,2604.24,4023.8899
2022-05-16,1277.5699,1813.5,2.877,104.19,2596.5801,4008.01
2022-05-17,1279.85,1818.2,2.968,103.36,2620.4399,4088.8501
2022-05-18,1266.66,1815.9,2.886,103.81,2625.98,3923.6799
2022-05-19,1275.58,1841.2,2.855,102.72,2592.3401,3900.79
2022-05-20,1263.55,1841.8,2.787,103.15,2639.29,3901.3601
2022-05-23,1273.21,1847.8,2.859,102.08,2647.3799,3973.75
2022-05-24,1258.8199,1865.1,2.76,101.86,2605.8701,3941.48
2022-05-25,1260.99,1846.2,2.749,102.06,2617.22,3978.73
2022-05-26,1266.6,1847.4,2.756,101.83,2612.45,4057.8401
2022-05-27,1258.89,1851.3,2.743,101.67,2638.05,4158.2402
2022-05-30,1251.59,1851.3,2.743,101.67,2669.6599,4158.2402
2022-05-31,1236.17,1842.7,2.844,101.75,2685.8999,4132.1499
2022-06-01,1241.74,1843.3,2.931,102.55,2685.8999,4101.23
2022-06-02,1246.95,1866.5,2.913,101.77,2658.99,4176.8198
2022-06-03,1240.84,1845.4,2.957,102.14,2670.6499,4108.54
2022-06-06,1250.53,1839.2,3.038,102.44,2670.6499,4121.4302
2022-06-07,1254.48,1847.5,2.972,102.32,2626.3401,4160.6802
2022-06-08,1254.58,1851.9,3.029,102.54,2626.1499,4115.77
2022-06-09,1256.74,1848.8,3.044,103.22,2625.4399,4017.8201
2022-06-10,1264.02,1871.5,3.156,104.15,2595.8701,3900.8601
2022-06-13,1278.28,1828.0,3.366,105.08,2504.51,3749.6299
2022-06-14,1291.8,1809.5,3.483,105.52,2492.97,3735.48
2022-06-15,1289.48,1815.3,3.395,105.16,2447.3799,3789.99
2022-06-16,1278.16,1845.7,3.307,103.63,2451.4099,3666.77
2022-06-17,1288.1801,1835.6,3.239,104.7,2440.9299,3674.8401
2022-06-20,1290.5,1835.6,3.239,104.7,2391.03,3674.8401
2022-06-21,1292.38,1834.6,3.307,104.44,2408.9299,3764.79
2022-06-22,1291.6,1834.3,3.156,104.2,2342.8101,3759.8899
2022-06-23,1297.6801,1825.7,3.068,104.43,2314.3201,3795.73
2022-06-24,1299.8101,1826.5,3.125,104.19,2366.6001,3911.74
2022-06-27,1288.29,1820.9,3.194,103.94,2401.9199,3900.1101
2022-06-28,1286.2,1817.5,3.206,104.51,2422.0901,3821.55
2022-06-29,1292.03,1813.7,3.093,105.11,2377.99,3818.8301
2022-06-30,1301.73,1804.1,2.972,104.69,2332.6399,3785.3799
2022-07-01,1287.71,1798.9,2.889,105.14,2305.4199,3825.3301
2022-07-04,1297.89,1798.9,2.889,105.14,2300.3401,3825.3301
2022-07-05,1295.6801,1761.8,2.809,106.5,2341.78,3831.3899
2022-07-06,1308.66,1734.9,2.913,107.1,2292.01,3845.0801
2022-07-07,1304.85,1737.9,3.008,107.13,2334.27,3902.6201
2022-07-08,1297.65,1740.6,3.101,107.01,2350.6101,3899.3799
2022-07-11,1293.79,1730.0,2.991,108.02,2340.27,3854.4299
2022-07-12,1310.86,1723.3,2.958,108.07,2317.76,3818.8
2022-07-13,1305.83,1734.2,2.904,107.96,2328.6101,3801.78
2022-07-14,1304.85,1704.5,2.96,108.54,2322.3201,3790.3799
2022-07-15,1316.1801,1702.4,2.93,108.06,2330.98,3863.1599
2022-07-18,1318.12,1709.2,2.96,107.37,2375.25,3830.8501
2022-07-19,1318.91,1710.0,3.019,106.68,2370.97,3936.6899
2022-07-20,1305.5,1699.5,3.036,107.08,2386.8501,3959.8999
2022-07-21,1312.87,1712.7,2.91,106.91,2409.1599,3998.95
2022-07-22,1306.85,1727.1,2.783,106.73,2393.1399,3961.6299
2022-07-25,1309.3199,1719.0,2.82,106.48,2403.6899,3966.8401
2022-07-26,1310.4,1717.7,2.787,107.19,2412.96,3921.05
2022-07-27,1310.9,1719.1,2.734,106.45,2415.53,4023.6101
2022-07-28,1305.95,1750.3,2.681,106.35,2435.27,4072.4299
2022-07-29,1295.15,1762.9,2.642,105.9,2451.5,4130.29
2022-08-01,1302.28,1769.0,2.606,105.45,2452.25,4118.6299
2022-08-02,1306.75,1771.1,2.741,106.24,2439.6201,4091.1899
2022-08-03,1314.63,1758.0,2.748,106.51,2461.45,4155.1699
2022-08-04,1307.38,1788.5,2.676,105.69,2473.1101,4151.9399
2022-08-05,1302.08,1772.9,2.84,106.62,2490.8,4145.1899
2022-08-08,1302.74,1786.8,2.765,106.44,2493.1001,4140.0601
2022-08-09,1299.03,1794.0,2.797,106.37,2503.46,4122.4702
2022-08-10,1307.5601,1795.6,2.786,105.2,2480.8799,4210.2402
2022-08-11,1296.7,1789.7,2.888,105.09,2523.78,4207.27
2022-08-12,1306.83,1798.6,2.849,105.63,2527.9399,4280.1499
2022-08-15,1301.38,1781.4,2.791,106.55,2527.9399,4297.1401
2022-08-16,1313.1801,1773.2,2.824,106.5,2533.52,4305.2002
2022-08-17,1311.0,1760.3,2.893,106.57,2516.47,4274.04
2022-08-18,1314.83,1755.3,2.88,107.48,2508.05,4283.7402
2022-08-19,1326.91,1747.6,2.989,108.17,2492.6899,4228.48
2022-08-22,1334.86,1734.0,3.037,109.05,2462.5,4137.9902
2022-08-23,1343.36,1746.8,3.054,108.62,2435.3401,4128.73
2022-08-24,1339.08,1747.8,3.106,108.68,2447.45,4140.77
2022-08-25,1340.0,1757.7,3.026,108.47,2477.26,4199.1201
2022-08-26,1334.4399,1736.1,3.035,108.8,2481.03,4057.6599
2022-08-29,1341.1801,1736.6,3.11,108.84,2426.8899,4030.6101
2022-08-30,1345.73,1723.2,3.11,108.77,2450.9299,3986.1599
2022-08-31,1350.1899,1712.8,3.133,108.7,2472.05,3955.0
2022-09-01,1342.26,1696.6,3.265,109.69,2415.6101,3966.8501
2022-09-02,1355.1,1709.8,3.193,109.53,2409.4099,3924.26
2022-09-05,1361.51,1709.8,3.193,109.53,2403.6799,3924.26
2022-09-06,1361.8101,1700.4,3.34,110.21,2410.02,3908.1899
2022-09-07,1378.11,1715.3,3.265,109.84,2376.46,3979.8701
2022-09-08,1374.3101,1708.0,3.292,109.71,2384.28,4006.1799
2022-09-09,1383.0,1716.2,3.321,109.0,2384.28,4067.3601
2022-09-12,1379.0601,1728.1,3.362,108.33,2384.28,4110.4102
2022-09-13,1375.8101,1705.0,3.422,109.82,2449.54,3932.6899
2022-09-14,1393.47,1696.5,3.412,109.66,2411.4199,3946.01
2022-09-15,1391.1801,1665.4,3.459,109.74,2401.8301,3901.3501
2022-09-16,1398.63,1671.7,3.448,109.76,2382.78,3873.3301
2022-09-19,1385.23,1666.2,3.49,109.74,2355.6599,3899.8899
2022-09-20,1390.11,1659.7,3.571,110.22,2367.8501,3855.9299
2022-09-21,1392.51,1664.6,3.51,110.64,2347.21,3789.9299
2022-09-22,1397.5601,1670.8,3.708,111.35,2332.3101,3757.99
2022-09-23,1403.66,1645.3,3.697,113.19,2290.0,3693.23
2022-09-26,1421.8101,1623.3,3.878,114.1,2220.9399,3655.04
2022-09-27,1429.77,1626.7,3.964,114.11,2223.8601,3647.29
2022-09-28,1426.26,1660.4,3.705,112.6,2169.29,3719.04
2022-09-29,1421.95,1658.5,3.747,112.25,2170.9299,3640.47
2022-09-30,1430.17,1662.4,3.804,112.12,2155.49,3585.6201
2022-10-03,1439.23,1692.9,3.651,111.75,2155.49,3678.4299
2022-10-04,1433.34,1721.1,3.617,110.07,2209.3799,3790.9299
2022-10-05,1416.53,1711.4,3.759,111.07,2215.22,3783.28
2022-10-06,1416.76,1711.7,3.826,112.26,2237.8601,3744.52
2022-10-07,1408.45,1700.5,3.883,112.8,2232.8401,3639.6599
2022-10-10,1415.98,1667.3,3.888,113.14,2232.8401,3612.3899
2022-10-11,1428.35,1678.7,3.939,113.22,2192.0701,3588.8401
2022-10-12,1430.8,1670.3,3.902,113.32,2202.47,3577.03
2022-10-13,1423.9,1670.0,3.952,112.36,2162.8701,3669.9099
2022-10-14,1430.3,1641.7,4.01,113.31,2212.55,3583.0701
2022-10-17,1440.76,1657.0,4.015,112.04,2219.71,3677.95
2022-10-18,1430.15,1649.0,3.998,112.13,2249.95,3719.98
2022-10-19,1425.02,1627.5,4.127,112.98,2237.4399,3695.1599
2022-10-20,1435.01,1630.8,4.226,112.88,2218.0901,3665.78
2022-10-21,1430.3101,1651.0,4.213,112.01,2213.1201,3752.75
2022-10-24,1428.11,1648.7,4.234,111.99,2236.1599,3797.3401
2022-10-25,1443.96,1652.8,4.108,110.95,2235.0701,3859.1101
2022-10-26,1426.9301,1664.0,4.015,109.7,2249.5601,3830.6001
2022-10-27,1412.6899,1660.7,3.937,110.59,2288.78,3807.3
2022-10-28,1420.65,1639.6,4.01,110.67,2268.3999,3901.0601
2022-10-31,1421.65,1635.9,4.077,111.53,2293.6101,3871.98
2022-11-01,1424.67,1645.0,4.052,111.48,2335.22,3856.1001
2022-11-02,1416.6,1645.7,4.059,111.35,2336.8701,3759.6899
2022-11-03,1423.1,1627.3,4.124,112.93,2329.1699,3719.8899
2022-11-04,1423.65,1672.5,4.156,110.88,2348.4299,3770.55
2022-11-07,1402.11,1676.5,4.214,110.12,2371.79,3806.8
2022-11-08,1392.7,1712.1,4.126,109.62,2399.04,3828.1101
2022-11-09,1374.15,1710.1,4.151,110.55,2424.4099,3748.5701
2022-11-10,1370.55,1750.3,3.829,108.21,2402.23,3956.3701
2022-11-11,1349.37,1766.0,3.813,106.29,2483.1599,3992.9299
2022-11-14,1313.03,1773.6,3.865,106.66,2474.6499,3957.25
2022-11-15,1324.08,1773.8,3.799,106.4,2480.3301,3991.73
2022-11-16,1316.26,1773.0,3.692,106.28,2477.45,3958.79
2022-11-17,1336.4301,1760.8,3.775,106.69,2442.8999,3946.5601
2022-11-18,1342.75,1751.9,3.818,106.93,2444.48,3965.3401
2022-11-21,1339.03,1737.4,3.825,107.84,2419.5,3949.9399
2022-11-22,1359.75,1738.3,3.758,107.22,2405.27,4003.5801
2022-11-23,1352.6899,1744.9,3.706,106.08,2418.01,4027.26
2022-11-24,1336.8101,1744.9,3.706,106.08,2441.3301,4027.26
2022-11-25,1317.89,1753.3,3.691,105.96,2437.8601,4026.1201
2022-11-28,1334.5601,1740.1,3.703,106.68,2408.27,3963.9399
2022-11-29,1340.12,1748.4,3.748,106.82,2433.3899,3957.6299
2022-11-30,1325.37,1746.0,3.703,105.95,2472.53,4080.1101
2022-12-01,1279.8,1801.1,3.529,104.73,2479.8401,4076.5701
2022-12-02,1303.25,1795.9,3.506,104.55,2434.3301,4071.7
2022-12-05,1299.17,1767.4,3.599,105.29,2419.3201,3998.8401
2022-12-06,1304.37,1769.3,3.513,105.58,2393.1599,3941.26
2022-12-07,1319.71,1785.5,3.408,105.1,2382.8101,3933.9199
2022-12-08,1314.1,1788.7,3.491,104.77,2371.0801,3963.51
2022-12-09,1316.63,1798.1,3.567,104.81,2389.04,3934.3799
2022-12-12,1303.17,1780.5,3.611,105.13,2373.02,3990.5601
2022-12-13,1305.92,1813.9,3.501,103.98,2372.3999,4019.6499
2022-12-14,1288.98,1807.5,3.503,103.77,2399.25,3995.3201
2022-12-15,1295.6801,1777.2,3.45,104.56,2360.97,3895.75
2022-12-16,1317.1,1790.0,3.482,104.7,2360.02,3852.3601
2022-12-19,1308.86,1787.7,3.581,104.72,2352.1699,3817.6599
2022-12-20,1301.33,1815.9,3.684,103.97,2333.29,3821.6201
2022-12-21,1283.64,1815.9,3.684,104.16,2328.95,3878.4399
2022-12-22,1280.77,1787.0,3.669,104.43,2356.73,3822.3899
2022-12-23,1290.2,1795.9,3.751,104.31,2313.6899,3844.8201
2022-12-26,1279.24,1795.9,3.751,104.31,2317.1399,3844.8201
2022-12-27,1275.13,1814.8,3.86,104.18,2332.79,3829.25
2022-12-28,1272.28,1807.9,3.887,104.46,2280.45,3783.22
2022-12-29,1274.3199,1819.5,3.835,103.84,2236.3999,3849.28
2022-12-30,1260.26,1819.7,3.879,103.52,2236.3999,3839.5
2023-01-02,1260.91,1819.7,3.879,103.52,2225.6699,3839.5
2023-01-03,1270.1,1839.7,3.793,104.52,2218.6799,3824.1399
2023-01-04,1279.08,1852.8,3.709,104.25,2255.98,3852.97
2023-01-05,1271.08,1834.8,3.72,105.04,2264.6499,3808.1001
2023-01-06,1274.1801,1864.2,3.569,103.88,2289.97,3895.0801
2023-01-09,1252.88,1872.7,3.517,103.0,2350.1899,3892.0901
2023-01-10,1239.28,1871.6,3.621,103.24,2351.3101,3919.25
2023-01-11,1240.16,1874.6,3.554,103.19,2359.53,3969.6101
2023-01-12,1241.6,1895.5,3.449,102.25,2365.1001,3983.1699
2023-01-13,1239.13,1918.4,3.511,102.2,2386.0901,3999.0901
2023-01-16,1236.59,1918.4,3.511,102.2,2399.8601,3999.0901
2023-01-17,1240.71,1907.2,3.535,102.39,2379.3899,3990.97
2023-01-18,1237.0,1904.4,3.375,102.36,2368.3201,3928.8601
2023-01-19,1237.88,1922.1,3.397,102.06,2380.3401,3898.8501
2023-01-20,1232.1801,1926.4,3.484,102.01,2395.26,3972.6101
2023-01-23,1230.03,1927.1,3.525,102.14,2395.26,4019.8101
2023-01-24,1229.28,1933.9,3.469,101.92,2395.26,4016.95
2023-01-25,1232.66,1941.2,3.462,101.64,2428.5701,4016.22
2023-01-26,1232.59,1929.1,3.493,101.84,2468.6499,4060.4299
2023-01-27,1231.85,1928.6,3.518,101.93,2484.02,4070.5601
2023-01-30,1228.95,1922.9,3.551,102.28,2450.47,4017.77
2023-01-31,1231.5,1929.5,3.529,102.1,2425.0801,4076.6001
2023-02-01,1232.15,1927.8,3.397,101.22,2449.8,4119.21
2023-02-02,1221.95,1916.3,3.396,101.75,2468.8799,4179.7598
2023-02-03,1224.9,1862.9,3.532,102.92,2480.3999,4136.48
2023-02-06,1246.75,1866.2,3.634,103.62,2438.1899,4111.0801
2023-02-07,1261.23,1871.7,3.674,103.43,2451.71,4164.0
2023-02-08,1255.35,1877.4,3.653,103.41,2483.6399,4117.8599
2023-02-09,1260.47,1866.2,3.683,103.22,2481.52,4081.5
2023-02-10,1264.55,1862.8,3.744,103.63,2469.73,4090.46
2023-02-13,1266.87,1851.9,3.717,103.35,2452.7,4137.29
2023-02-14,1272.9399,1854.0,3.761,103.23,2465.6399,4136.1299
2023-02-15,1272.25,1834.2,3.809,103.92,2427.8999,4147.6001
2023-02-16,1283.72,1842.0,3.843,103.86,2475.48,4090.4099
2023-02-17,1288.96,1840.4,3.828,103.86,2451.21,4079.0901
2023-02-20,1293.92,1840.4,3.828,103.86,2455.1201,4079.0901
2023-02-21,1296.11,1833.0,3.955,104.18,2458.96,3997.3401
2023-02-22,1305.83,1832.0,3.923,104.59,2417.6799,3991.05
2023-02-23,1302.83,1818.0,3.879,104.6,2439.0901,4012.3201
2023-02-24,1298.08,1808.8,3.949,105.21,2423.6101,3970.04
2023-02-27,1313.7,1817.0,3.922,104.67,2402.6399,3982.24
2023-02-28,1318.35,1828.9,3.916,104.87,2412.8501,3970.1499
2023-03-01,1321.6,1837.7,3.994,104.48,2412.8501,3951.3899
2023-03-02,1305.73,1833.5,4.073,105.03,2427.8501,3981.3501
2023-03-03,1311.0601,1847.7,3.964,104.52,2432.0701,4045.6399
2023-03-06,1294.78,1847.9,3.983,104.35,2462.6201,4048.4199
2023-03-07,1299.0,1813.9,3.975,105.62,2463.3501,3986.3701
2023-03-08,1317.9,1812.7,3.976,105.66,2431.9099,3992.01
2023-03-09,1316.45,1829.3,3.925,105.31,2419.0901,3918.3201
2023-03-10,1325.55,1862.0,3.695,104.58,2394.5901,3861.5901
2023-03-13,1319.54,1911.7,3.515,103.6,2410.6001,3855.76
2023-03-14,1296.38,1906.2,3.638,103.6,2348.97,3919.29
2023-03-15,1304.58,1926.6,3.492,104.65,2379.72,3891.9299
2023-03-16,1311.74,1919.0,3.585,104.42,2377.9099,3960.28
2023-03-17,1301.62,1969.8,3.395,103.71,2395.6899,3916.6399
2023-03-20,1307.65,1979.2,3.481,103.28,2379.2,3951.5701
2023-03-21,1304.9399,1938.0,3.606,103.26,2388.3501,4002.8701
2023-03-22,1303.4399,1946.8,3.5,102.35,2416.96,3936.97
2023-03-23,1298.25,1993.8,3.406,102.53,2424.48,3948.72
2023-03-24,1286.29,1982.1,3.38,103.12,2414.96,3970.99
2023-03-27,1294.83,1952.4,3.528,102.86,2409.22,3977.53
2023-03-28,1297.8,1972.4,3.564,102.43,2434.9399,3971.27
2023-03-29,1296.98,1966.1,3.566,102.64,2443.9199,4027.8101
2023-03-30,1307.13,1980.3,3.551,102.14,2453.1599,4050.8301
2023-03-31,1296.5,1969.0,3.494,102.51,2476.8601,4109.3101
2023-04-03,1305.48,1983.9,3.43,102.09,2472.3401,4124.5098
2023-04-04,1308.05,2022.2,3.337,101.59,2480.51,4100.6001
2023-04-05,1312.41,2020.9,3.287,101.85,2495.21,4090.3799
2023-04-06,1316.21,2011.9,3.288,101.82,2459.23,4105.02
2023-04-07,1317.9399,2011.9,3.288,101.82,2490.4099,4105.02
2023-04-10,1315.45,1989.1,3.415,102.58,2512.0801,4109.1099
2023-04-11,1320.88,2004.8,3.434,102.2,2547.8601,4108.9399
2023-04-12,1322.09,2010.9,3.421,101.5,2550.6399,4091.95
2023-04-13,1322.83,2041.3,3.452,101.01,2561.6599,4146.2202
2023-04-14,1301.4301,2002.2,3.522,101.55,2571.49,4137.6401
2023-04-17,1303.38,1994.2,3.591,102.1,2575.9099,4151.3198
2023-04-18,1316.0699,2007.4,3.572,101.75,2571.0901,4154.8701
2023-04-19,1315.9,1995.2,3.602,101.97,2575.0801,4154.52
2023-04-20,1326.76,2007.6,3.545,101.84,2563.1101,4129.79
2023-04-21,1323.6,1979.5,3.57,101.82,2544.3999,4133.52
2023-04-24,1329.38,1989.1,3.515,101.35,2523.5,4137.04
2023-04-25,1332.8,1994.0,3.396,101.86,2489.02,4071.6299
2023-04-26,1341.0,1985.7,3.432,101.47,2484.8301,4055.99
2023-04-27,1337.83,1989.9,3.528,101.5,2495.8101,4135.3501
2023-04-28,1339.39,1990.1,3.452,101.67,2501.53,4169.48
2023-05-01,1337.17,1983.4,3.574,102.15,2501.53,4167.8701
2023-05-02,1342.79,2014.3,3.439,101.96,2524.3899,4119.5801
2023-05-03,1342.3,2028.6,3.403,101.34,2501.3999,4090.75
2023-05-04,1335.23,2048.0,3.351,101.4,2500.9399,4061.22
2023-05-05,1320.15,2017.4,3.446,101.21,2500.9399,4136.25
2023-05-08,1316.96,2026.3,3.521,101.37,2513.21,4138.1201
2023-05-09,1322.41,2036.2,3.521,101.64,2510.0601,4119.1699
2023-05-10,1326.05,2030.5,3.439,101.48,2496.51,4137.6401
2023-05-11,1318.05,2014.7,3.397,102.06,2491.0,4130.6201
2023-05-12,1329.88,2014.5,3.463,102.68,2475.4199,4124.0801
2023-05-15,1341.52,2018.0,3.508,102.43,2479.3501,4136.2798
2023-05-16,1335.4,1988.4,3.549,102.56,2480.24,4109.8999
2023-05-17,1342.4301,1980.7,3.581,102.88,2494.6599,4158.77
2023-05-18,1334.15,1956.5,3.648,103.58,2515.3999,4198.0498
2023-05-19,1334.74,1978.7,3.692,103.2,2537.79,4191.98
2023-05-22,1324.21,1974.8,3.719,103.2,2557.0801,4192.6299
2023-05-23,1313.83,1972.4,3.698,103.49,2567.55,4145.5801
2023-05-24,1319.84,1962.8,3.719,103.89,2567.45,4115.2402
2023-05-25,1318.52,1943.1,3.814,104.21,2554.6899,4151.2798
2023-05-26,1330.89,1944.1,3.81,104.21,2558.8101,4205.4502
2023-05-29,1322.4301,1944.1,3.81,104.21,2558.8101,4205.4502
2023-05-30,1324.59,1958.0,3.7,104.17,2585.52,4205.52
2023-05-31,1319.79,1963.9,3.637,104.32,2577.1201,4179.8301
2023-06-01,1321.74,1978.0,3.608,103.56,2569.1699,4221.02
2023-06-02,1312.85,1952.4,3.691,104.02,2601.3601,4282.3701
2023-06-05,1305.14,1958.0,3.693,104.0,2615.4099,4273.79
2023-06-06,1299.79,1965.5,3.699,104.13,2615.4099,4283.8501
2023-06-07,1299.2,1942.7,3.784,104.1,2615.6001,4267.52
2023-06-08,1308.34,1963.6,3.714,103.34,2610.8501,4293.9302
2023-06-09,1296.33,1962.2,3.745,103.56,2641.1599,4298.8599
2023-06-12,1286.6899,1955.3,3.765,103.63,2629.3501,4338.9302
2023-06-13,1284.58,1944.6,3.839,103.34,2637.95,4369.0098
2023-06-14,1267.62,1955.3,3.796,103.01,2619.0801,4372.5898
2023-06-15,1273.99,1957.8,3.728,102.12,2608.54,4425.8398
2023-06-16,1270.05,1958.4,3.769,102.3,2625.79,4409.5898
2023-06-19,1276.3101,1958.4,3.769,102.3,2609.5,4409.5898
2023-06-20,1283.24,1935.5,3.729,102.54,2604.9099,4388.71
2023-06-21,1287.54,1933.3,3.723,102.07,2582.6299,4365.6899
2023-06-22,1288.38,1912.7,3.799,102.39,2593.7,4381.8901
2023-06-23,1298.21,1919.1,3.739,102.9,2570.1001,4348.3301
2023-06-26,1307.67,1923.7,3.719,102.69,2582.2,4328.8198
2023-06-27,1302.66,1914.0,3.768,102.49,2581.3899,4378.4102
2023-06-28,1296.6,1912.3,3.71,102.91,2564.1899,4376.8599
2023-06-29,1309.01,1909.2,3.854,103.34,2550.02,4396.4399
2023-06-30,1323.0699,1921.1,3.819,102.91,2564.28,4450.3799
2023-07-03,1315.3,1921.7,3.858,102.99,2602.47,4455.5898
2023-07-04,1306.1,1921.7,3.858,102.99,2593.3101,4455.5898
2023-07-05,1295.5,1919.6,3.945,103.37,2579.0,4446.8198
2023-07-06,1302.97,1908.7,4.041,103.17,2556.29,4411.5898
2023-07-07,1309.22,1926.2,4.05,102.27,2526.71,4398.9502
2023-07-10,1297.37,1925.0,4.006,101.97,2520.7,4409.5298
2023-07-11,1299.54,1931.3,3.98,101.73,2562.49,4439.2598
2023-07-12,1291.51,1956.2,3.861,100.52,2574.72,4472.1602
2023-07-13,1274.7,1959.2,3.761,99.77,2591.23,4510.04
2023-07-14,1266.83,1960.1,3.819,99.91,2628.3,4505.4199
2023-07-17,1268.34,1952.4,3.797,99.84,2619.0,4522.79
2023-07-18,1265.45,1977.2,3.789,99.94,2607.6201,4554.98
2023-07-19,1264.9399,1977.5,3.742,100.28,2608.24,4565.7202
2023-07-20,1265.09,1968.3,3.854,100.88,2600.23,4534.8701
2023-07-21,1278.4,1964.3,3.837,101.07,2609.76,4536.3398
2023-07-24,1285.65,1960.3,3.857,101.35,2628.53,4554.6401
2023-07-25,1280.53,1962.1,3.912,101.35,2636.46,4567.46
2023-07-26,1274.12,1968.9,3.851,100.89,2592.3601,4566.75
2023-07-27,1275.17,1945.4,4.012,101.77,2603.8101,4537.4102
2023-07-28,1283.88,1960.4,3.969,101.62,2608.3201,4582.23
2023-07-31,1272.39,1970.5,3.959,101.86,2632.5801,4588.96
2023-08-01,1277.9301,1940.7,4.051,102.3,2667.0701,4576.73
2023-08-02,1289.05,1937.4,4.078,102.59,2616.47,4513.3901
2023-08-03,1295.37,1932.0,4.189,102.54,2605.3899,4501.8901
2023-08-04,1296.4,1939.6,4.06,102.02,2602.8,4478.0298
2023-08-07,1303.05,1933.5,4.078,102.05,2580.71,4518.4399
2023-08-08,1307.75,1924.1,4.026,102.53,2573.98,4499.3799
2023-08-09,1316.67,1915.4,4.012,102.49,2605.1201,4467.71
2023-08-10,1313.64,1914.4,4.08,102.52,2601.5601,4468.8301
2023-08-11,1318.33,1912.9,4.168,102.84,2591.26,4464.0498
2023-08-14,1329.61,1910.6,4.184,103.19,2570.8701,4489.7202
2023-08-15,1334.74,1902.5,4.221,103.21,2570.8701,4437.8599
2023-08-16,1338.74,1896.1,4.258,103.42,2525.6399,4404.3301
2023-08-17,1343.33,1884.1,4.308,103.44,2519.8501,4370.3599
2023-08-18,1339.08,1886.1,4.251,103.38,2504.5,4369.71
2023-08-21,1339.17,1893.3,4.342,103.33,2508.8,4399.77
2023-08-22,1339.74,1896.4,4.328,103.56,2515.74,4387.5498
2023-08-23,1339.6899,1918.5,4.198,103.36,2505.5,4436.0098
2023-08-24,1327.78,1918.2,4.235,103.98,2537.6799,4376.3101
2023-08-25,1326.62,1911.1,4.239,104.08,2519.1399,4405.71
2023-08-28,1323.61,1917.9,4.212,104.06,2543.4099,4433.3101
2023-08-29,1322.8199,1936.5,4.122,103.55,2552.1599,4497.6299
2023-08-30,1321.0699,1944.3,4.118,103.16,2561.22,4514.8701
2023-08-31,1323.03,1938.2,4.093,103.62,2556.27,4507.6602
2023-09-01,1324.64,1939.8,4.173,104.24,2563.71,4515.77
2023-09-04,1317.46,1939.8,4.173,104.24,2584.55,4515.77
2023-09-05,1317.95,1926.2,4.268,104.81,2582.1799,4496.8301
2023-09-06,1331.73,1918.1,4.29,104.86,2563.3401,4465.48
2023-09-07,1333.46,1917.5,4.26,105.06,2548.26,4451.1401
2023-09-08,1334.02,1918.4,4.258,105.09,2547.6799,4457.4902
2023-09-11,1335.3199,1923.3,4.288,104.57,2556.8799,4487.46
2023-09-12,1320.4399,1911.3,4.264,104.71,2536.5801,4461.8999
2023-09-13,1324.1,1909.1,4.249,104.77,2534.7,4467.4399
2023-09-14,1329.77,1910.0,4.288,105.41,2572.8899,4505.1001
2023-09-15,1327.0601,1923.7,4.322,105.32,2601.28,4450.3198
2023-09-18,1328.42,1931.5,4.319,105.2,2574.72,4453.5298
2023-09-19,1329.66,1932.0,4.365,105.2,2559.21,4443.9502
2023-09-20,1328.53,1945.6,4.349,105.16,2559.74,4402.2002
2023-09-21,1332.34,1919.2,4.48,105.36,2514.97,4330.0
2023-09-22,1341.17,1925.4,4.438,105.58,2508.1299,4320.0601
2023-09-25,1334.66,1916.6,4.542,106.0,2495.76,4337.4399
2023-09-26,1338.45,1900.4,4.558,106.23,2462.97,4273.5298
2023-09-27,1353.75,1871.6,4.626,106.67,2465.0701,4274.5098
2023-09-28,1352.8199,1860.4,4.597,106.22,2465.0701,4299.7002
2023-09-29,1347.85,1848.1,4.573,106.17,2465.0701,4288.0498
2023-10-02,1351.9399,1830.0,4.683,106.9,2465.0701,4288.3901
2023-10-03,1354.1899,1824.6,4.802,107.0,2465.0701,4229.4502
2023-10-04,1359.22,1818.5,4.735,106.8,2405.6899,4263.75
2023-10-05,1351.16,1816.6,4.717,106.33,2403.6001,4258.1899
2023-10-06,1346.0601,1830.2,4.784,106.04,2408.73,4308.5
2023-10-09,1343.36,1849.5,4.797,106.08,2408.73,4335.6602
2023-10-10,1346.89,1861.0,4.655,105.83,2402.5801,4358.2402
2023-10-11,1341.89,1872.8,4.595,105.82,2450.0801,4376.9502
2023-10-12,1338.26,1869.3,4.712,106.57,2479.8201,4349.6099
2023-10-13,1348.34,1927.4,4.629,106.65,2456.1499,4327.7798
2023-10-16,1352.0699,1921.1,4.712,106.24,2436.24,4373.6299
2023-10-17,1347.76,1922.7,4.847,106.25,2460.1699,4373.2002
2023-10-18,1352.99,1955.3,4.904,106.57,2462.6001,4314.6001
2023-10-19,1354.5601,1968.4,4.988,106.25,2415.8,4278.0
2023-10-20,1356.23,1982.5,4.924,106.16,2375.0,4224.1602
2023-10-23,1349.34,1976.3,4.838,105.54,2357.02,4217.04
2023-10-24,1334.4399,1975.0,4.84,106.27,2383.51,4247.6802
2023-10-25,1343.64,1984.1,4.953,106.53,2363.1699,4186.77
2023-10-26,1352.6801,1987.2,4.845,106.6,2299.0801,4137.23
2023-10-27,1350.34,1988.6,4.845,106.56,2302.8101,4117.3701
2023-10-30,1355.22,1996.2,4.875,106.12,2310.55,4166.8198
2023-10-31,1348.0699,1985.2,4.875,106.66,2277.99,4193.7998
2023-11-01,1350.16,1978.8,4.789,106.88,2301.5601,4237.8599
2023-11-02,1347.84,1985.6,4.669,106.12,2343.1201,4317.7798
2023-11-03,1333.6801,1991.5,4.558,105.02,2368.3401,4358.3398
2023-11-06,1307.84,1981.6,4.662,105.22,2502.3701,4365.98
2023-11-07,1297.11,1966.8,4.571,105.54,2443.96,4378.3799
2023-11-08,1304.55,1951.5,4.523,105.59,2421.6201,4382.7798
2023-11-09,1308.12,1964.2,4.63,105.91,2427.0801,4347.3501
2023-11-10,1315.2,1932.6,4.628,105.86,2409.6599,4415.2402
2023-11-13,1319.62,1945.5,4.632,105.66,2403.76,4411.5498
2023-11-14,1319.0699,1961.8,4.441,104.11,2433.25,4495.7002
2023-11-15,1304.24,1960.1,4.535,104.39,2486.6699,4502.8799
2023-11-16,1301.86,1983.9,4.445,104.37,2488.1799,4508.2402
2023-11-17,1292.45,1981.6,4.441,103.82,2469.8501,4514.02
2023-11-20,1294.5,1977.7,4.422,103.47,2491.2,4547.3799
2023-11-21,1288.15,1999.3,4.418,103.59,2510.4199,4538.1899
2023-11-22,1295.1899,1991.4,4.416,103.92,2511.7,4556.6201
2023-11-23,1298.79,1991.4,4.416,103.92,2514.96,4556.6201
2023-11-24,1300.1801,2002.2,4.472,103.4,2496.6299,4559.3398
2023-11-27,1289.79,2011.8,4.389,103.2,2495.6599,4550.4302
2023-11-28,1302.53,2039.7,4.336,102.75,2521.76,4554.8901
2023-11-29,1287.53,2047.1,4.271,102.77,2519.8101,4550.5801
2023-11-30,1288.36,2038.1,4.352,103.5,2535.29,4567.7998
2023-12-01,1296.66,2071.0,4.226,103.27,2505.01,4594.6299
2023-12-04,1299.1899,2024.1,4.288,103.64,2514.95,4569.7798
2023-12-05,1307.8,2018.5,4.171,104.05,2494.28,4567.1802
2023-12-06,1313.37,2030.5,4.121,104.15,2495.3799,4549.3398
2023-12-07,1313.72,2029.9,4.129,103.54,2492.0701,4585.5898
2023-12-08,1312.76,1998.3,4.245,104.01,2517.8501,4604.3701
2023-12-11,1316.51,1978.0,4.239,104.1,2525.3601,4622.4399
2023-12-12,1313.62,1977.8,4.206,103.87,2535.27,4643.7002
2023-12-13,1310.14,1982.3,4.033,102.87,2510.6599,4707.0898
2023-12-14,1292.01,2030.2,3.93,101.96,2544.1799,4719.5498
2023-12-15,1291.92,2021.1,3.928,102.55,2563.5601,4719.1899
2023-12-18,1276.47,2026.3,3.954,102.51,2566.8601,4740.5601
2023-12-19,1302.9301,2038.4,3.922,102.17,2568.55,4768.3701
2023-12-20,1297.76,2034.5,3.877,102.41,2614.3,4698.3501
2023-12-21,1296.98,2039.1,3.894,101.84,2600.02,4746.75
2023-12-22,1291.71,2057.1001,3.901,101.7,2599.51,4754.6299
2023-12-25,1297.36,2057.1001,3.901,101.7,2599.51,4754.6299
2023-12-26,1294.58,2058.2,3.886,101.47,2602.5901,4774.75
2023-12-27,1293.92,2081.8999,3.789,100.99,2613.5,4781.5801
2023-12-28,1294.76,2073.8999,3.85,101.23,2655.28,4783.3501
2023-12-29,1277.84,2062.3999,3.866,101.33,2655.28,4769.8301
2024-01-01,1293.53,2062.3999,3.866,101.33,2655.28,4769.8301
2024-01-02,1293.54,2064.3999,3.946,102.2,2669.8101,4742.8301
2024-01-03,1307.62,2034.2,3.907,102.46,2607.3101,4704.8101
2024-01-04,1309.53,2042.3,3.991,102.42,2587.02,4688.6802
2024-01-05,1311.25,2042.4,4.042,102.41,2578.0801,4697.2402
2024-01-08,1313.13,2026.6,4.002,102.21,2567.8201,4763.54
2024-01-09,1311.8,2026.4,4.019,102.57,2561.24,4756.5
2024-01-10,1319.79,2021.7,4.03,102.36,2541.98,4783.4502
2024-01-11,1317.5,2014.3,3.977,102.29,2540.27,4780.2402
2024-01-12,1311.99,2046.7,3.95,102.4,2525.05,4783.8301
2024-01-15,1312.85,2046.7,3.95,102.4,2525.99,4783.8301
2024-01-16,1319.71,2026.0,4.066,103.36,2497.5901,4765.98
2024-01-17,1337.79,2002.6,4.106,103.45,2435.8999,4739.21
2024-01-18,1344.05,2018.6,4.144,103.54,2440.04,4780.9399
2024-01-19,1337.66,2026.5,4.146,103.29,2472.74,4839.8101
2024-01-22,1333.21,2019.8,4.094,103.33,2464.3501,4850.4302
2024-01-23,1338.74,2023.7,4.142,103.62,2478.6101,4864.6001
2024-01-24,1336.78,2013.9,4.178,103.24,2469.6899,4868.5498
2024-01-25,1329.89,2016.9,4.132,103.57,2470.3401,4894.1602
2024-01-26,1336.03,2016.8,4.16,103.47,2478.5601,4890.9702
2024-01-29,1336.76,2025.2,4.091,103.61,2500.6499,4927.9302
2024-01-30,1333.21,2031.5,4.059,103.4,2498.8101,4924.9702
2024-01-31,1326.62,2048.3999,3.967,103.27,2497.0901,4845.6499
2024-02-01,1333.91,2053.0,3.863,103.05,2542.46,4906.1899
2024-02-02,1328.95,2036.1,4.033,103.92,2615.3101,4958.6099
2024-02-05,1337.73,2025.7,4.164,104.45,2591.3101,4942.8101
2024-02-06,1333.39,2034.5,4.09,104.18,2576.2,4954.23
2024-02-07,1326.79,2035.2,4.11,104.04,2609.5801,4995.0601
2024-02-08,1327.62,2032.2,4.17,104.15,2620.3201,4997.9102
2024-02-09,1331.47,2023.3,4.187,104.08,2620.3201,5026.6099
2024-02-12,1330.0601,2018.2,4.172,104.17,2620.3201,5021.8398
2024-02-13,1328.5,1992.9,4.316,104.96,2649.6399,4953.1699
2024-02-14,1340.79,1990.3,4.267,104.72,2620.4199,5000.6201
2024-02-15,1326.0,2002.1,4.24,104.3,2613.8,5029.73
2024-02-16,1327.66,2011.5,4.295,104.28,2648.76,5005.5698
2024-02-19,1331.58,2011.5,4.295,104.28,2680.26,5005.5698
2024-02-20,1333.34,2027.5,4.275,104.08,2657.79,4975.5098
2024-02-21,1333.75,2022.3,4.325,104.01,2653.3101,4981.7998
2024-02-22,1332.87,2019.7,4.327,103.96,2664.27,5087.0298
2024-02-23,1327.17,2038.6,4.26,103.94,2667.7,5088.7998
2024-02-26,1330.0,2028.5,4.299,103.83,2647.0801,5069.5298
2024-02-27,1331.72,2034.0,4.315,103.83,2625.05,5078.1802
2024-02-28,1331.79,2033.0,4.274,103.98,2652.29,5069.7598
2024-02-29,1333.38,2045.7,4.252,104.16,2642.3601,5096.27
2024-03-01,1335.2,2086.8999,4.18,103.86,2642.3601,5137.0801
2024-03-04,1330.9,2117.7,4.219,103.83,2674.27,5130.9502
2024-03-05,1328.9399,2133.5,4.137,103.8,2649.3999,5078.6499
2024-03-06,1333.4301,2150.3,4.104,103.37,2641.49,5104.7598
2024-03-07,1327.09,2158.0,4.092,102.82,2647.6201,5157.3599
2024-03-08,1321.1801,2178.6001,4.089,102.74,2680.3501,5123.6899
2024-03-11,1315.98,2182.5,4.104,102.87,2659.8401,5117.9399
2024-03-12,1310.54,2160.3999,4.155,102.96,2681.8101,5175.27
2024-03-13,1311.15,2175.3999,4.192,102.79,2693.5701,5165.3101
2024-03-14,1313.65,2163.0,4.298,103.36,2718.76,5150.48
2024-03-15,1321.92,2157.3,4.304,103.43,2666.8401,5117.0898
2024-03-18,1329.34,2160.7,4.34,103.58,2685.8401,5149.4199
2024-03-19,1336.09,2156.3,4.297,103.81,2656.1699,5178.5098
2024-03-20,1337.02,2157.8999,4.273,103.41,2690.1399,5224.6201
2024-03-21,1330.11,2182.3999,4.271,104.0,2754.8601,5241.5298
2024-03-22,1334.6801,2158.1001,4.218,104.43,2748.5601,5234.1802
2024-03-25,1343.6,2174.8,4.253,104.23,2737.5701,5218.1899
2024-03-26,1339.13,2175.6001,4.234,104.29,2757.0901,5203.5801
2024-03-27,1343.0601,2190.6001,4.196,104.35,2755.1101,5248.4902
2024-03-28,1349.8,2217.3999,4.206,104.55,2745.8201,5254.3501
2024-03-29,1349.8,2217.3999,4.206,104.55,2746.6299,5254.3501
2024-04-01,1345.3101,2236.5,4.329,105.02,2747.8601,5243.77
2024-04-02,1355.53,2261.0,4.365,104.82,2753.1599,5205.8101
2024-04-03,1350.73,2294.3999,4.355,104.25,2706.97,5211.4902
2024-04-04,1344.84,2288.8,4.309,104.12,2742.0,5147.21
2024-04-05,1351.36,2325.7,4.378,104.3,2714.21,5204.3398
2024-04-08,1350.27,2331.7,4.424,104.14,2717.6499,5202.3901
2024-04-09,1354.22,2343.5,4.366,104.15,2705.1599,5209.9102
2024-04-10,1348.54,2329.6001,4.56,105.25,2705.1599,5160.6401
2024-04-11,1363.76,2354.8,4.576,105.28,2706.96,5199.0601
2024-04-12,1367.84,2356.2,4.499,106.04,2681.8201,5123.4102
2024-04-15,1379.61,2365.8,4.628,106.21,2670.4299,5061.8198
2024-04-16,1387.67,2390.8,4.659,106.26,2609.6299,5051.4102
2024-04-17,1387.34,2371.7,4.585,105.95,2584.1799,5022.21
2024-04-18,1379.54,2382.3,4.647,106.15,2634.7,5011.1201
2024-04-19,1379.4,2398.3999,4.615,106.15,2591.8601,4967.23
2024-04-22,1373.9301,2332.2,4.623,106.08,2629.4399,5010.6001
2024-04-23,1378.84,2327.7,4.598,105.69,2623.02,5070.5498
2024-04-24,1370.48,2324.5,4.652,105.86,2675.75,5071.6299
2024-04-25,1376.97,2329.8,4.706,105.6,2628.6201,5048.4199
2024-04-26,1371.7,2334.8,4.669,105.94,2656.3301,5099.96
2024-04-29,1377.09,2345.3999,4.614,105.58,2687.4399,5116.1699
2024-04-30,1374.64,2291.3999,4.686,106.22,2692.0601,5035.6899
2024-05-01,1385.46,2299.8999,4.595,105.76,2692.0601,5018.3901
2024-05-02,1375.0,2299.2,4.571,105.3,2683.6499,5064.2002
2024-05-03,1364.64,2299.0,4.5,105.03,2676.6299,5127.79
2024-05-06,1355.05,2321.6001,4.489,105.05,2676.6299,5180.7402
2024-05-07,1352.17,2315.2,4.463,105.41,2734.3601,5187.7002
2024-05-08,1357.73,2313.6001,4.492,105.55,2745.05,5187.6699
2024-05-09,1361.9399,2332.1001,4.449,105.23,2712.1399,5214.0801
2024-05-10,1365.4,2367.3,4.504,105.31,2727.6299,5222.6802
2024-05-13,1370.11,2336.1001,4.481,105.22,2727.21,5221.4199
2024-05-14,1363.79,2353.3999,4.445,105.01,2730.3401,5246.6802
2024-05-15,1362.55,2388.7,4.356,104.35,2730.3401,5308.1499
2024-05-16,1353.6,2380.0,4.377,104.46,2753.0,5297.1001
2024-05-17,1346.04,2412.2,4.42,104.45,2724.6201,5303.27
2024-05-20,1353.39,2433.8999,4.437,104.57,2742.1399,5308.1299
2024-05-21,1360.16,2421.7,4.414,104.66,2724.1799,5321.4102
2024-05-22,1363.42,2389.2,4.434,104.94,2723.46,5307.0098
2024-05-23,1365.8101,2335.0,4.475,105.11,2721.8101,5267.8398
2024-05-24,1367.62,2332.5,4.467,104.72,2687.6001,5304.7202
2024-05-27,1365.71,2332.5,4.467,104.72,2722.99,5304.7202
2024-05-28,1360.9301,2355.2,4.542,104.61,2722.8501,5306.04
2024-05-29,1362.76,2340.3,4.624,105.1,2677.3,5266.9502
2024-05-30,1370.55,2342.8999,4.554,104.72,2635.4399,5235.48
2024-05-31,1375.62,2322.8999,4.514,104.67,2636.52,5277.5098
2024-06-03,1382.1,2346.6001,4.402,104.14,2682.52,5283.3999
2024-06-04,1370.79,2325.5,4.336,104.11,2662.1001,5291.3398
2024-06-05,1373.72,2354.1001,4.289,104.27,2689.5,5354.0298
2024-06-06,1368.74,2370.3,4.281,104.1,2689.5,5352.96
2024-06-07,1365.25,2305.2,4.43,104.89,2722.6699,5346.9902
2024-06-10,1379.05,2307.7,4.469,105.15,2701.1699,5360.79
2024-06-11,1373.96,2307.5,4.404,105.23,2705.3201,5375.3198
2024-06-12,1377.36,2336.0,4.295,104.65,2728.1699,5421.0298
2024-06-13,1370.41,2300.2,4.238,105.2,2754.8899,5433.7402
2024-06-14,1373.74,2331.3999,4.213,105.55,2758.4199,5431.6001
2024-06-17,1382.28,2312.3999,4.279,105.32,2744.1001,5473.23
2024-06-18,1379.0601,2330.3999,4.217,105.26,2763.9199,5487.0298
2024-06-19,1378.61,2330.3999,4.217,105.26,2797.3301,5487.0298
2024-06-20,1381.15,2353.8,4.254,105.59,2807.6299,5473.1699
2024-06-21,1391.8199,2316.3999,4.257,105.8,2784.26,5464.6201
2024-06-24,1388.39,2330.0,4.248,105.47,2764.73,5447.8701
2024-06-25,1386.11,2316.6001,4.238,105.61,2774.3899,5469.2998
2024-06-26,1390.89,2299.2,4.316,106.05,2792.05,5477.8999
2024-06-27,1393.38,2324.5,4.288,105.91,2784.0601,5482.8701
2024-06-28,1386.95,2327.7,4.343,105.87,2797.8201,5460.48
2024-07-01,1380.29,2327.6001,4.479,105.9,2804.3101,5475.0898
2024-07-02,1383.42,2323.0,4.436,105.72,2780.8601,5509.0098
2024-07-03,1383.42,2359.8,4.355,105.4,2794.01,5537.02
2024-07-04,1385.77,2359.8,4.355,105.4,2824.9399,5537.02
2024-07-05,1380.25,2388.5,4.272,104.88,2862.23,5567.1899
2024-07-08,1376.5699,2355.2,4.269,105.01,2857.76,5572.8501
2024-07-09,1382.75,2360.1001,4.3,105.12,2867.3799,5576.98
2024-07-10,1382.42,2372.2,4.28,105.05,2867.99,5633.9102
2024-07-11,1382.99,2415.0,4.193,104.44,2891.3501,5584.54
2024-07-12,1371.27,2414.0,4.189,104.09,2857.0,5615.3501
2024-07-15,1374.11,2422.8999,4.229,104.19,2860.9199,5631.2202
2024-07-16,1383.6899,2462.3999,4.167,104.27,2866.0901,5667.2002
2024-07-17,1382.64,2454.8,4.146,103.75,2843.29,5588.27
2024-07-18,1378.65,2451.8,4.189,104.17,2824.3501,5544.5898
2024-07-19,1385.24,2395.5,4.239,104.4,2795.46,5505.0
2024-07-22,1388.8101,2392.0,4.26,104.31,2763.51,5564.4102
2024-07-23,1387.1,2404.6001,4.239,104.45,2774.29,5555.7402
2024-07-24,1384.5699,2413.3,4.286,104.39,2758.71,5427.1299
2024-07-25,1382.65,2351.8999,4.256,104.36,2710.6499,5399.2202
2024-07-26,1381.4301,2380.0,4.2,104.32,2731.8999,5459.1001
2024-07-29,1382.09,2377.3,4.178,104.56,2765.53,5463.54
2024-07-30,1381.36,2405.0,4.143,104.55,2738.1899,5436.4399
2024-07-31,1383.5,2426.5,4.109,104.1,2770.6899,5522.2998
2024-08-01,1367.92,2435.0,3.976,104.42,2777.6799,5446.6802
2024-08-02,1368.97,2425.7,3.792,103.21,2676.1899,5346.5601
2024-08-05,1357.17,2401.7,3.785,102.69,2441.55,5186.3301
2024-08-06,1367.4,2389.1001,3.888,102.97,2522.1499,5240.0298
2024-08-07,1370.3101,2390.5,3.968,103.2,2568.4099,5199.5
2024-08-08,1375.33,2422.2,3.997,103.21,2556.73,5319.3101
2024-08-09,1373.76,2432.1001,3.942,103.14,2588.4299,5344.1602
2024-08-12,1363.84,2462.3999,3.909,103.14,2618.3,5344.3901
2024-08-13,1369.54,2466.7,3.852,102.56,2621.5,5434.4302
2024-08-14,1362.17,2439.3999,3.82,102.57,2644.5,5455.21
2024-08-15,1355.71,2453.1001,3.926,102.98,2644.5,5543.2202
2024-08-16,1363.51,2498.6001,3.892,102.46,2697.23,5554.25
2024-08-19,1348.98,2501.8,3.867,101.89,2674.3601,5608.25
2024-08-20,1330.88,2511.3,3.818,101.44,2696.6299,5597.1201
2024-08-21,1327.58,2508.3999,3.778,101.04,2701.1299,5620.8501
2024-08-22,1333.66,2478.8999,3.862,101.51,2707.6699,5570.6401
2024-08-23,1339.54,2508.3999,3.807,100.72,2701.6899,5634.6099
2024-08-26,1323.88,2517.7,3.818,100.85,2698.01,5616.8398
2024-08-27,1326.64,2516.0,3.833,100.55,2689.25,5625.7998
2024-08-28,1326.36,2501.0,3.841,101.09,2689.8301,5592.1802
2024-08-29,1336.6899,2525.7,3.867,101.34,2662.28,5591.96
2024-08-30,1332.88,2493.8,3.911,101.7,2674.3101,5648.3999
2024-09-02,1336.58,2493.8,3.911,101.7,2681.0,5648.3999
2024-09-03,1337.55,2489.8999,3.844,101.83,2664.6299,5528.9302
2024-09-04,1340.41,2493.3999,3.768,101.36,2580.8,5520.0698
2024-09-05,1331.01,2511.3999,3.731,101.11,2575.5,5503.4102
2024-09-06,1332.79,2493.5,3.71,101.18,2544.28,5408.4199
2024-09-09,1337.77,2501.8,3.697,101.55,2535.9299,5471.0498
2024-09-10,1341.27,2512.3,3.646,101.63,2523.4299,5495.52
2024-09-11,1343.34,2512.1001,3.653,101.68,2513.3701,5554.1299
2024-09-12,1339.1801,2551.2,3.68,101.37,2572.0901,5595.7598
2024-09-13,1335.6899,2581.3,3.65,101.11,2575.4099,5626.02
2024-09-16,1329.51,2580.3999,3.621,100.76,2575.4099,5633.0898
2024-09-17,1319.11,2564.3,3.642,100.89,2575.4099,5634.5801
2024-09-18,1322.9301,2570.7,3.685,100.6,2575.4099,5618.2598
2024-09-19,1322.26,2588.0,3.74,100.61,2580.8,5713.6401
2024-09-20,1327.61,2619.8999,3.728,100.72,2593.3701,5702.5498
2024-09-23,1331.5,2626.5,3.739,100.92,2602.01,5718.5698
2024-09-24,1333.62,2651.2,3.736,100.37,2631.6799,5732.9302
2024-09-25,1324.89,2659.2,3.781,100.92,2596.3201,5722.2598
2024-09-26,1335.05,2669.8999,3.791,100.56,2671.5701,5745.3701
2024-09-27,1313.3,2644.3,3.749,100.42,2649.78,5738.1699
2024-09-30,1309.3,2636.1001,3.802,100.78,2593.27,5762.48
2024-10-01,1315.33,2667.3,3.743,101.19,2593.27,5708.75
2024-10-02,1324.84,2647.1001,3.785,101.68,2561.6899,5709.54
2024-10-03,1324.03,2657.1001,3.85,101.99,2561.6899,5699.9399
2024-10-04,1334.41,2645.8,3.981,102.52,2569.71,5751.0698
2024-10-07,1345.88,2644.8,4.026,102.54,2610.3799,5695.9399
2024-10-08,1342.37,2615.0,4.033,102.55,2594.3601,5751.1299
2024-10-09,1341.3101,2606.0,4.067,102.93,2594.3601,5792.04
2024-10-10,1343.02,2620.6001,4.096,102.99,2599.1599,5780.0498
2024-10-11,1349.74,2657.6001,4.073,102.89,2596.9099,5815.0298
2024-10-14,1348.33,2647.8,4.098,103.3,2623.29,5859.8501
2024-10-15,1357.27,2661.3999,4.038,103.26,2633.45,5815.2598
2024-10-16,1363.1801,2674.0,4.016,103.59,2610.3601,5842.4702
2024-10-17,1364.2,2691.0,4.096,103.83,2609.3,5841.4702
2024-10-18,1370.05,2713.7,4.073,103.49,2593.8201,5864.6699
2024-10-21,1369.01,2723.1001,4.182,104.01,2604.9199,5853.98
2024-10-22,1376.5,2744.2,4.204,104.08,2570.7,5851.2002
2024-10-23,1376.63,2714.3999,4.242,104.43,2599.6201,5797.4199
2024-10-24,1377.34,2734.8999,4.2,104.06,2581.03,5809.8599
2024-10-25,1376.3199,2740.8999,4.232,104.26,2583.27,5808.1201
2024-10-28,1387.66,2742.8999,4.278,104.32,2612.4299,5823.52
2024-10-29,1381.97,2768.3999,4.274,104.28,2617.8,5832.9199
2024-10-30,1383.1801,2788.5,4.266,103.99,2593.79,5813.6699
2024-10-31,1378.5699,2738.3,4.284,103.98,2556.1499,5705.4502
2024-11-01,1372.9301,2738.6001,4.361,104.28,2542.3601,5728.7998
2024-11-04,1379.34,2736.1001,4.309,103.89,2588.97,5712.6899
2024-11-05,1372.86,2740.3,4.289,103.42,2576.8799,5782.7598
2024-11-06,1378.0,2667.6001,4.426,105.09,2563.51,5929.04
2024-11-07,1399.8,2698.3999,4.341,104.51,2564.6299,5973.1001
2024-11-08,1372.08,2687.5,4.306,105.0,2561.1499,5995.54
2024-11-11,1397.2,2611.2,4.308,105.54,2531.6599,6001.3501
2024-11-12,1400.55,2600.0,4.432,106.02,2482.5701,5983.9902
2024-11-13,1406.65,2580.8,4.451,106.48,2417.0801,5985.3799
2024-11-14,1399.0,2568.2,4.418,106.67,2418.8601,5949.1699
2024-11-15,1400.83,2565.7,4.428,106.69,2416.8601,5870.6201
2024-11-18,1394.35,2610.6001,4.414,106.28,2469.0701,5893.6201
2024-11-19,1389.5,2627.1001,4.379,106.21,2471.95,5916.98
2024-11-20,1392.16,2648.2,4.406,106.68,2482.29,5917.1099
2024-11-21,1397.62,2672.1001,4.432,106.97,2480.6299,5948.71
2024-11-22,1399.6,2709.8999,4.41,107.49,2501.24,5969.3398
2024-11-25,1403.51,2616.8,4.265,106.82,2534.3401,5987.3701
2024-11-26,1395.5601,2620.3,4.302,107.01,2520.3601,6021.6299
2024-11-27,1395.27,2639.8999,4.242,106.08,2503.0601,5998.7402
2024-11-28,1388.47,2639.8999,4.242,106.08,2504.6699,5998.7402
2024-11-29,1393.3,2657.0,4.178,105.74,2455.9099,6032.3799
2024-12-02,1399.86,2634.8999,4.196,106.45,2454.48,6047.1499
2024-12-03,1401.0601,2644.7,4.223,106.37,2500.1001,6049.8799
2024-12-04,1411.67,2653.8,4.18,106.34,2464.0,6086.4902
2024-12-05,1410.8,2626.6001,4.18,105.71,2441.8501,6075.1099
2024-12-06,1399.99,2638.6001,4.151,105.97,2428.1599,6090.27
2024-12-09,1424.22,2664.8999,4.199,106.15,2360.5801,6052.8501
2024-12-10,1426.6,2697.6001,4.221,106.4,2417.8401,6034.9102
2024-12-11,1433.95,2733.8,4.271,106.71,2442.51,6084.1899
2024-12-12,1429.15,2687.5,4.324,106.96,2482.1201,6051.25
2024-12-13,1427.86,2656.0,4.399,107.0,2494.46,6051.0898
2024-12-16,1434.45,2651.3999,4.397,106.86,2488.97,6074.0801
2024-12-17,1431.35,2644.3999,4.385,106.96,2456.8101,6050.6099
2024-12-18,1436.42,2636.5,4.494,108.03,2484.4299,5872.1602
2024-12-19,1451.5,2592.2,4.57,108.41,2435.9299,5867.0801
2024-12-20,1437.45,2628.7,4.524,107.62,2404.1499,5930.8501
2024-12-23,1445.42,2612.3,4.599,108.04,2442.01,5974.0698
2024-12-24,1442.7,2620.0,4.591,108.26,2440.52,6040.04
2024-12-25,1453.42,2620.0,4.591,108.26,2440.52,6040.04
2024-12-26,1457.61,2638.8,4.579,108.13,2429.6699,6037.5898
2024-12-27,1466.99,2617.2,4.619,108.0,2404.77,5970.8398
2024-12-30,1472.8,2606.1001,4.545,108.13,2399.49,5906.9399
2024-12-31,1467.39,2629.2,4.573,108.49,2399.49,5881.6299
2025-01-02,1473.52,2658.8999,4.575,109.39,2398.9399,5868.5498
2025-01-03,1471.65,2645.0,4.596,108.95,2441.9199,5942.4702
2025-01-06,1465.53,2638.3999,4.618,108.26,2488.6399,5975.3799
2025-01-07,1459.45,2656.7,4.683,108.54,2492.1001,5909.0298
2025-01-08,1451.88,2664.5,4.693,109.09,2521.05,5918.25
2025-01-09,1457.97,2683.8,4.693,109.18,2521.8999,5918.25
2025-01-10,1455.23,2708.5,4.776,109.65,2515.78,5827.04
2025-01-13,1472.25,2673.5,4.803,109.96,2489.5601,5836.2202
2025-01-14,1458.89,2677.5,4.788,109.27,2497.3999,5842.9102
2025-01-15,1460.4399,2712.5,4.653,109.09,2496.8101,5949.9102
2025-01-16,1437.22,2746.3999,4.606,108.96,2527.49,5937.3398
2025-01-17,1453.3199,2744.3,4.609,109.35,2523.55,5996.6602
2025-01-20,1457.38,2744.3,4.609,109.35,2520.05,5996.6602
2025-01-21,1435.53,2755.0,4.574,108.06,2518.03,6049.2402
2025-01-22,1425.79,2767.6001,4.599,108.17,2547.0601,6086.3701
2025-01-23,1434.34,2763.1001,4.638,108.05,2515.49,6118.71
2025-01-24,1433.9301,2777.3,4.626,107.44,2536.8,6101.2402
2025-01-27,1427.63,2737.5,4.528,107.34,2536.8,6012.2798
2025-01-28,1417.92,2766.8,4.551,107.87,2536.8,6067.7002
2025-01-29,1443.26,2769.1001,4.555,108.0,2536.8,6039.3101
2025-01-30,1443.3199,2823.0,4.512,107.8,2536.8,6071.1699
2025-01-31,1441.66,2812.5,4.569,108.37,2517.3701,6040.5298
2025-02-03,1456.78,2833.8999,4.543,108.99,2453.95,5994.5698
2025-02-04,1459.05,2853.3,4.513,107.96,2481.6899,6037.8799
2025-02-05,1450.16,2871.6001,4.422,107.58,2509.27,6061.48
2025-02-06,1443.89,2856.0,4.44,107.69,2536.75,6083.5698
2025-02-07,1442.15,2867.3,4.487,108.04,2521.9199,6025.9902
2025-02-10,1450.62,2914.3,4.493,108.32,2521.27,6066.4399
2025-02-11,1453.21,2912.5,4.537,107.96,2539.05,6068.5
2025-02-12,1450.75,2909.0,4.637,107.94,2548.3899,6051.9702
2025-02-13,1452.12,2925.8999,4.525,107.31,2583.1699,6115.0698
2025-02-14,1438.74,2883.6001,4.472,106.57,2591.05,6114.6299
2025-02-17,1432.6,2883.6001,4.472,106.57,2610.4199,6114.6299
2025-02-18,1441.29,2931.6001,4.544,107.05,2626.8101,6129.5801
2025-02-19,1440.08,2919.3999,4.535,107.17,2671.52,6144.1499
2025-02-20,1439.98,2940.0,4.5,106.34,2654.0601,6117.52
2025-02-21,1431.7,2937.6001,4.42,106.61,2654.5801,6013.1299
2025-02-24,1434.29,2947.8999,4.393,106.6,2645.27,5983.25
2025-02-25,1428.65,2904.5,4.298,106.31,2630.29,5955.25
2025-02-26,1429.5,2916.8,4.249,106.42,2641.0901,5956.0601
2025-02-27,1434.42,2883.2,4.285,107.24,2621.75,5861.5698
2025-02-28,1449.86,2836.8,4.231,107.61,2532.78,5954.5
2025-03-03,1459.8,2890.2,4.18,106.75,2532.78,5849.7202
2025-03-04,1457.9301,2909.6001,4.21,105.74,2528.9199,5778.1499
2025-03-05,1452.85,2915.3,4.265,105.74,2558.1299,5842.6299
2025-03-06,1443.03,2916.6001,4.286,104.06,2576.1599,5738.52
2025-03-07,1446.5,2904.7,4.317,103.84,2563.48,5770.2002
2025-03-10,1446.26,2891.0,4.213,103.91,2570.3899,5614.5601
2025-03-11,1457.03,2912.8999,4.288,103.44,2537.6001,5572.0698
2025-03-12,1451.02,2939.1001,4.318,103.61,2574.8201,5599.2998
2025-03-13,1448.75,2984.3,4.274,103.83,2573.6399,5521.52
2025-03-14,1453.23,2994.5,4.308,103.72,2566.3601,5638.9399
2025-03-17,1449.05,3000.0,4.306,103.37,2610.6899,5675.1201
2025-03-18,1442.49,3035.1001,4.281,103.24,2612.3401,5614.6602
2025-03-19,1448.9399,3035.8999,4.256,103.43,2628.6201,5675.29
2025-03-20,1443.39,3040.0,4.233,103.85,2637.1001,5662.8901
2025-03-21,1465.8199,3018.2,4.252,104.09,2643.1299,5667.5601
2025-03-24,1464.78,3013.1001,4.331,104.26,2632.0701,5767.5698
2025-03-25,1466.27,3023.7,4.307,104.18,2615.8101,5776.6499
2025-03-26,1462.09,3020.8999,4.338,104.55,2643.9399,5712.2002
2025-03-27,1465.6801,3060.2,4.369,104.07,2607.1499,5693.3101
2025-03-28,1461.89,3086.5,4.255,104.04,2557.98,5580.9399
2025-03-31,1469.41,3122.8,4.246,104.21,2481.1201,5611.8501
2025-04-01,1471.96,3118.8999,4.156,104.26,2521.3899,5633.0698
2025-04-02,1469.97,3139.8999,4.196,103.81,2505.8601,5670.9702
2025-04-03,1466.04,3097.0,4.055,102.07,2486.7,5396.52
2025-04-04,1450.6801,3012.0,3.985,103.02,2465.4199,5074.0801
2025-04-07,1458.52,2951.3,4.155,103.26,2328.2,5062.25
2025-04-08,1469.95,2968.3999,4.262,102.96,2334.23,4982.77
2025-04-09,1486.13,3056.5,4.4,102.9,2293.7,5456.8999
2025-04-10,1443.95,3155.2,4.394,100.87,2445.0601,5268.0498
2025-04-11,1452.04,3222.2,4.493,99.78,2432.72,5363.3599
2025-04-14,1419.05,3204.8,4.364,99.64,2455.8899,5405.9702
2025-04-15,1419.42,3218.7,4.323,100.22,2477.4099,5396.6299
2025-04-16,1427.02,3326.6001,4.279,99.38,2447.4299,5275.7002
2025-04-17,1414.23,3308.7,4.333,99.38,2470.4099,5282.7002
2025-04-18,1414.23,3308.7,4.333,99.38,2483.4199,5282.7002
2025-04-21,1414.23,3406.2,4.405,98.28,2488.4199,5158.2002
2025-04-22,1421.64,3400.8,4.389,98.92,2486.6399,5287.7598
2025-04-23,1429.22,3276.3,4.387,99.84,2525.5601,5375.8599
2025-04-24,1426.45,3332.0,4.305,99.29,2522.3301,5484.77
2025-04-25,1430.0601,3282.3999,4.266,99.47,2546.3,5525.21
2025-04-28,1437.36,3332.5,4.216,99.01,2548.8601,5528.75
2025-04-29,1435.88,3318.8,4.173,99.24,2565.4199,5560.8301
2025-04-30,1431.16,3305.0,4.177,99.47,2556.6101,5569.0601
2025-05-01,1423.75,3210.0,4.231,100.25,2556.6101,5604.1401
2025-05-02,1435.1,3231.8999,4.322,100.0,2559.79,5686.6699
2025-05-05,1398.9,3311.3,4.343,99.83,2559.79,5650.3799
2025-05-06,1374.37,3411.3999,4.308,99.24,2559.79,5606.9102
2025-05-07,1374.77,3381.3999,4.275,99.61,2573.8,5631.2798
2025-05-08,1397.29,3296.6001,4.373,100.64,2579.48,5663.9399
2025-05-09,1403.85,3335.3999,4.375,100.34,2577.27,5659.9102
2025-05-12,1395.17,3220.0,4.457,101.79,2607.3301,5844.1899
2025-05-13,1416.03,3240.3,4.499,101.0,2608.4199,5886.5498
2025-05-14,1416.0,3181.3999,4.528,101.04,2640.5701,5892.5801
2025-05-15,1407.33,3220.7,4.455,100.88,2621.3601,5916.9302
2025-05-16,1397.02,3182.0,4.441,101.09,2626.8701,5958.3799
2025-05-19,1398.13,3228.8999,4.475,100.43,2603.4199,5963.6001
2025-05-20,1388.55,3280.3,4.481,100.12,2601.8,5940.46
2025-05-21,1392.73,3309.3,4.596,99.56,2625.5801,5844.6099
2025-05-22,1373.86,3292.3,4.553,99.96,2593.6699,5842.0098
2025-05-23,1381.34,3363.6001,4.509,99.11,2592.0901,5802.8198
2025-05-26,1364.73,3363.6001,4.509,98.93,2644.3999,5802.8198
2025-05-27,1368.1,3299.1001,4.434,99.52,2637.22,5921.54
2025-05-28,1374.8,3293.6001,4.477,99.88,2670.1499,5888.5498
2025-05-29,1373.6,3317.1001,4.424,99.28,2720.6399,5912.1699
2025-05-30,1370.41,3288.8999,4.416,99.33,2697.6699,5911.6899
2025-06-02,1381.99,3370.6001,4.462,98.7,2698.97,5935.9399
2025-06-03,1376.0699,3350.2,4.46,99.25,2698.97,5970.3701
2025-06-04,1377.72,3373.5,4.365,98.79,2770.8401,5970.8101
2025-06-05,1361.09,3350.7,4.394,98.74,2812.05,5939.2998
2025-06-06,1354.55,3322.7,4.51,99.19,2812.05,6000.3599
2025-06-09,1359.1899,3332.1001,4.482,98.94,2855.77,6005.8799
2025-06-10,1353.85,3320.8999,4.474,99.05,2871.8501,6038.8101
2025-06-11,1363.88,3321.3,4.412,98.63,2907.04,6022.2402
2025-06-12,1365.6899,3380.8999,4.357,97.92,2920.03,6045.2598
2025-06-13,1349.79,3431.2,4.424,98.18,2894.6201,5976.9702
2025-06-16,1365.14,3396.3999,4.452,98.0,2946.6599,6033.1099
2025-06-17,1357.78,3386.6001,4.393,98.82,2950.3,5982.7202
2025-06-18,1380.5,3389.8,4.397,98.91,2972.1899,5980.8701
2025-06-19,1370.75,3389.8,4.397,98.91,2977.74,5980.8701
2025-06-20,1374.89,3368.1001,4.375,98.71,3021.8401,5967.8398
2025-06-23,1369.47,3377.7,4.32,98.42,3014.47,6025.1699
2025-06-24,1361.9399,3317.3999,4.293,97.86,3103.6399,6092.1802
2025-06-25,1353.78,3327.1001,4.293,97.68,3108.25,6092.1602
2025-06-26,1357.03,3333.5,4.253,97.15,3079.5601,6141.02
2025-06-27,1352.76,3273.7,4.283,97.4,3055.9399,6173.0698
2025-06-30,1363.59,3294.3999,4.23,96.88,3071.7,6204.9502
2025-07-01,1348.5,3336.7,4.251,96.82,3089.6499,6198.0098
2025-07-02,1355.59,3348.0,4.293,96.78,3075.0601,6227.4199
2025-07-03,1354.75,3331.6001,4.348,97.18,3116.27,6279.3501
2025-07-04,1357.1,3332.5,4.348,97.18,3054.28,6279.3501
2025-07-07,1362.2,3332.2,4.395,97.48,3059.47,6229.98
2025-07-08,1374.64,3307.0,4.415,97.51,3114.95,6225.52
2025-07-09,1370.3,3311.6001,4.342,97.47,3133.74,6263.2598
2025-07-10,1373.0,3317.3999,4.346,97.65,3183.23,6280.46
2025-07-11,1372.64,3356.0,4.423,97.85,3175.77,6259.75
2025-07-14,1378.17,3351.5,4.427,98.08,3202.03,6268.5601
2025-07-15,1382.01,3329.8,4.489,98.62,3215.28,6243.7598
2025-07-16,1386.45,3352.5,4.455,98.39,3186.3799,6263.7002
2025-07-17,1384.92,3340.1001,4.463,98.73,3192.29,6297.3599
2025-07-18,1391.58,3353.0,4.432,98.48,3188.0701,6296.79
2025-07-21,1390.5699,3401.8999,4.372,97.85,3210.8101,6305.6001
2025-07-22,1381.8199,3439.2,4.336,97.39,3169.9399,6309.6201
2025-07-23,1379.78,3394.1001,4.388,97.21,3183.77,6358.9102
2025-07-24,1373.72,3371.0,4.408,97.38,3190.45,6363.3501
2025-07-25,1372.0,3334.0,4.386,97.65,3196.05,6388.6401
2025-07-28,1382.78,3309.1001,4.42,98.66,3209.52,6389.77
2025-07-29,1388.29,3323.3999,4.33,98.91,3230.5701,6370.8599
2025-07-30,1388.86,3295.8,4.376,99.94,3254.47,6362.8999
2025-07-31,1392.52,3293.2,4.36,100.03,3245.4399,6339.3901
2025-08-01,1391.51,3347.7,4.22,98.69,3119.4099,6238.0098
2025-08-04,1390.1801,3374.3999,4.2,98.78,3147.75,6329.9399
2025-08-05,1383.59,3381.8999,4.196,98.78,3198.0,6299.1899
2025-08-06,1386.58,3380.0,4.22,98.18,3198.1399,6345.0601
2025-08-07,1384.39,3400.3,4.244,98.4,3227.6799,6340.0
2025-08-08,1384.97,3439.1001,4.285,98.18,3210.01,6389.4502
2025-08-11,1387.8101,3353.1001,4.273,98.52,3206.77,6373.4502
2025-08-12,1389.79,3348.8999,4.293,98.1,3189.9099,6445.7598
2025-08-13,1383.09,3358.7,4.238,97.84,3224.3701,6466.5801
2025-08-14,1378.78,3335.2,4.293,98.25,3225.6599,6468.54
2025-08-15,1387.87,3336.0,4.328,97.85,3225.6599,6449.7998
2025-08-18,1387.98,3331.7,4.341,98.17,3177.28,6449.1499
2025-08-19,1386.91,3313.3999,4.302,98.27,3151.5601,6411.3701
2025-08-20,1391.34,3343.3999,4.296,98.22,3130.0901,6395.7798
2025-08-21,1396.91,3336.8999,4.33,98.62,3141.74,6370.1699
2025-08-22,1399.61,3374.3999,4.26,97.72,3168.73,6466.9102
2025-08-25,1382.89,3373.8,4.275,98.43,3209.8601,6439.3198
2025-08-26,1389.05,3388.6001,4.258,98.23,3179.3601,6465.9399
2025-08-27,1393.95,3404.6001,4.238,98.23,3187.1599,6481.3999
2025-08-28,1392.75,3431.8,4.207,97.81,3196.3201,6501.8599
2025-08-29,1384.41,3473.7,4.227,97.77,3186.01,6460.2598
2025-09-01,1388.84,3473.7,4.227,97.77,3142.9299,6460.2598
2025-09-02,1392.9399,3549.3999,4.277,98.4,3172.3501,6415.54
2025-09-03,1394.5699,3593.2,4.211,98.14,3184.4199,6448.2598
2025-09-04,1389.63,3565.8,4.176,98.35,3200.8301,6502.0801
2025-09-05,1392.0601,3613.2,4.086,97.77,3205.1201,6481.5
2025-09-08,1385.51,3638.1001,4.046,97.45,3219.5901,6495.1499
2025-09-09,1385.72,3643.3,4.074,97.79,3260.05,6512.6099
2025-09-10,1387.25,3643.6001,4.032,97.78,3314.53,6532.04
2025-09-11,1387.2,3636.8999,4.011,97.54,3344.2,6587.4702
2025-09-12,1389.5,3649.3999,4.061,97.55,3395.54,6584.29
2025-09-15,1393.7,3682.2,4.034,97.3,3407.3101,6615.2798
2025-09-16,1385.01,3688.8999,4.026,96.63,3449.6201,6606.7598
2025-09-17,1377.64,3681.8,4.076,96.87,3413.3999,6600.3501
2025-09-18,1378.6899,3643.7,4.104,97.35,3461.3,6631.96
2025-09-19,1386.75,3671.5,4.139,97.64,3445.24,6664.3599
2025-09-22,1396.23,3740.7,4.143,97.33,3468.6499,6693.75
2025-09-23,1389.39,3780.6001,4.12,97.26,3486.1899,6656.9199
2025-09-24,1391.85,3732.1001,4.147,97.87,3472.1399,6637.9702
2025-09-25,1403.65,3736.8999,4.172,98.55,3471.1101,6604.7202
2025-09-26,1408.92,3775.3,4.187,98.15,3386.05,6643.7002
2025-09-29,1408.71,3820.8999,4.141,97.91,3431.21,6661.21
2025-09-30,1399.33,3840.8,4.148,97.77,3424.6001,6688.46
2025-10-01,1403.15,3867.5,4.106,97.71,3455.8301,6711.2002
2025-10-02,1401.8199,3839.7,4.088,97.85,3549.21,6715.3501
2025-10-03,1405.63,3880.8,4.119,97.72,3549.21,6715.79
2025-10-06,1406.0601,3948.5,4.162,98.11,3549.21,6740.2798
2025-10-07,1409.92,3976.6001,4.127,98.58,3549.21,6714.5898
2025-10-08,1414.5699,4043.3,4.129,98.85,3549.21,6753.7202
2025-10-09,1422.52,3946.3,4.148,99.54,3549.21,6735.1099
2025-10-10,1421.51,3975.8999,4.051,98.98,3610.6001,6552.5098
2025-10-13,1429.03,4108.6001,4.051,99.27,3584.55,6654.7202
2025-10-14,1426.0699,4138.7002,4.022,99.05,3561.8101,6644.3101
2025-10-15,1429.4301,4176.8999,4.046,98.79,3657.28,6671.0601
2025-10-16,1420.09,4280.2002,3.976,98.39,3748.3701,6629.0698
2025-10-17,1415.72,4189.8999,4.007,98.43,3748.8899,6664.0098
2025-10-20,1419.74,4336.3999,3.986,98.59,3814.6899,6735.1299
2025-10-21,1419.74,4087.7,3.963,98.93,3823.8401,6735.3501
2025-10-22,1430.74,4044.3999,3.953,98.9,3883.6799,6699.3999
2025-10-23,1430.4,4125.5,3.991,98.94,3845.5601,6738.4399
2025-10-24,1435.84,4118.3999,3.997,98.95,3941.5901,6791.6899
2025-10-27,1436.97,4001.8999,3.997,98.78,4042.8301,6875.1602
2025-10-28,1430.97,3966.2,3.983,98.69,4010.4099,6890.8901
2025-10-29,1425.97,3983.7,4.058,99.22,4081.1499,6890.5898
2025-10-30,1424.01,4001.3,4.093,99.53,4086.8899,6822.3398
2025-10-31,1424.02,3982.2,4.101,99.8,4107.5,6840.2002
2025-11-03,1427.17,4000.3,4.106,99.87,4221.8701,6851.9702
2025-11-04,1428.97,3947.7,4.089,100.22,4121.7402,6771.5498
2025-11-05,1439.8101,3980.3,4.157,100.2,4004.4199,6796.29
2025-11-06,1439.74,3979.8999,4.093,99.73,4026.45,6720.3198
2025-11-07,1447.9,3999.3999,4.093,99.6,3953.76,6728.7998
2025-11-10,1454.0,4111.7998,4.11,99.62,4073.24,6832.4302
2025-11-11,1456.09,4106.7998,4.12,99.46,4106.3901,6846.6099
2025-11-12,1459.84,4204.3999,4.065,99.48,4150.3901,6850.9199
2025-11-13,1468.02,4186.8999,4.112,99.18,4170.6299,6737.4902
2025-11-14,1468.71,4087.6001,4.148,99.27,4011.5701,6734.1099
2025-11-17,1446.53,4068.3,4.133,99.59,4089.25,6672.4102
2025-11-18,1461.6899,4061.3,4.123,99.55,3953.6201,6617.3198
2025-11-19,1456.55,4077.7,4.133,100.23,3929.51,6642.1602
2025-11-20,1466.13,4056.5,4.106,100.16,4004.8501,6538.7598
2025-11-21,1473.25,4076.7,4.063,100.18,3853.26,6602.9902
2025-11-24,1467.73,4091.8999,4.038,100.14,3846.0601,6705.1201
2025-11-25,1474.86,4139.2002,4.002,99.66,3857.78,6765.8799
2025-11-26,1464.92,4165.2002,3.998,99.6,3960.8701,6812.6099
2025-11-27,1470.59,4165.2002,3.998,99.6,3986.9099,6812.6099
2025-11-28,1461.4,4218.2998,4.017,99.46,3926.5901,6849.0898
2025-12-01,1465.62,4239.2998,4.096,99.41,3920.3701,6812.6299
2025-12-02,1470.17,4186.6001,4.086,99.36,3994.9299,6829.3701
2025-12-03,1467.36,4199.2998,4.057,98.85,4036.3,6849.7202
2025-12-04,1465.03,4211.7998,4.108,98.99,4028.51,6857.1201
2025-12-05,1472.38,4212.8999,4.139,98.99,4100.0498,6870.3999
2025-12-08,1471.8101,4187.2002,4.172,99.09,4154.8501,6846.5098
2025-12-09,1468.51,4206.7002,4.186,99.22,4143.5498,6840.5098
2025-12-10,1467.9301,4196.3999,4.164,98.79,4135.0,6886.6802
2025-12-11,1469.04,4285.5,4.141,98.35,4110.6201,6901.0
2025-12-12,1470.85,4300.1001,4.194,98.4,4167.1602,6827.4102
2025-12-15,1472.91,4306.7002,4.182,98.15,4090.5901,6816.5098
2025-12-16,1467.48,4304.5,4.149,98.15,3999.1299,6800.2598
2025-12-17,1471.74,4347.5,4.151,98.37,4056.4099,6721.4302
2025-12-18,1474.0,4339.5,4.116,98.43,3994.51,6774.7598
2025-12-19,1474.36,4361.3999,4.151,98.6,4020.55,6834.5
2025-12-22,1473.72,4444.6001,4.169,98.29,4105.9302,6878.4902
2025-12-23,1476.84,4482.7998,4.169,97.94,4117.3198,6909.79
2025-12-24,1478.67,4480.6001,4.136,97.98,4108.6201,6932.0498
2025-12-26,1446.52,4529.1001,4.136,98.02,4129.6802,6929.9399
2025-12-29,1441.33,4325.1001,4.116,98.04,4220.5601,6905.7402
2025-12-30,1434.71,4370.1001,4.13,98.24,4214.1699,6896.2402
2025-12-31,1437.91,4325.6001,4.163,98.28,4214.1699,6845.5
2026-01-02,1443.64,4314.3999,4.187,98.42,4309.6299,6858.4702
2026-01-05,1440.48,4436.8999,4.165,98.27,4457.52,6902.0498
2026-01-06,1445.5601,4482.2002,4.179,98.58,4525.48,6944.8198
2026-01-07,1444.96,4449.2998,4.138,98.68,4551.0601,6920.9302
2026-01-08,1446.14,4449.7002,4.183,98.93,4552.3701,6921.46
2026-01-09,1450.08,4490.2998,4.171,99.13,4586.3198,6966.2798
2026-01-12,1455.24,4604.2998,4.187,98.86,4624.79,6977.27
2026-01-13,1464.9301,4589.2002,4.171,99.13,4692.6401,6963.7402
2026-01-14,1473.01,4626.2998,4.14,99.13,4723.1001,6926.6001
2026-01-15,1462.9,4616.2998,4.16,99.32,4797.5498,6944.4702
2026-01-16,1468.84,4588.3999,4.231,99.39,4840.7402,6940.0098
2026-01-19,1471.58,4588.3999,4.231,99.39,4904.6602,6940.0098
2026-01-20,1471.52,4759.6001,4.295,98.64,4885.75,6796.8599
2026-01-21,1477.78,4831.7998,4.253,98.76,4909.9302,6875.6201
2026-01-22,1464.83,4908.7998,4.249,98.36,4952.5298,6913.3501
2026-01-23,1463.26,4976.2002,4.239,97.6,4990.0698,6915.6099
2026-01-26,1444.8101,5079.7002,4.213,97.04,4949.5898,6950.23
2026-01-27,1440.98,5079.8999,4.223,96.22,5084.8501,6978.6001
2026-01-28,1432.51,5301.6001,4.251,96.45,5170.8101,6978.0298
2026-01-29,1429.27,5318.3999,4.227,96.28,5221.25,6969.0098
2026-01-30,1428.76,4713.8999,4.241,96.99,5224.3599,6939.0298
2026-02-02,1448.8,4622.5,4.275,97.61,4949.6699,6976.4399
2026-02-03,1452.54,4903.7002,4.274,97.44,5288.0801,6917.8101
2026-02-04,1446.6801,4920.3999,4.275,97.62,5371.1001,6882.7202
2026-02-05,1460.11,4861.3999,4.21,97.82,5163.5698,6798.3999
2026-02-06,1470.6801,4951.2002,4.206,97.63,5089.1401,6932.2998
2026-02-09,1462.4,5050.8999,4.198,96.82,5298.04,6964.8198
2026-02-10,1458.54,5003.7998,4.147,96.8,5301.6899,6941.8101
2026-02-11,1455.33,5071.6001,4.172,96.83,5354.4902,6941.4702
2026-02-12,1444.1899,4923.7002,4.104,96.93,5522.27,6832.7598
2026-02-13,1440.9,5022.0,4.056,96.88,5507.0098,6836.1699
2026-02-16,1439.52,5022.0,4.056,96.88,5507.0098,6836.1699
2026-02-17,1440.23,4882.8999,4.052,97.16,5507.0098,6843.2202
2026-02-18,1439.97,4986.5,4.079,97.7,5507.0098,6881.3101
2026-02-19,1440.16,4975.8999,4.075,97.93,5677.25,6861.8901
2026-02-20,1447.75,5059.2998,4.086,97.8,5808.5298,6909.5098
2026-02-23,1443.4399,5204.7002,4.029,97.7,5846.0898,6837.75
2026-02-24,1442.2,5155.7998,4.033,97.88,5969.6401,6890.0698
2026-02-25,1439.99,5206.3999,4.048,97.7,6083.8599,6946.1299
2026-02-26,1426.9301,5176.5,4.017,97.79,6307.27,6908.8599
2026-02-27,1432.3199,5230.5,3.962,97.61,6244.1299,6878.8799
2026-03-02,1438.5,5294.3999,4.048,98.38,6244.1299,6881.6201
2026-03-03,1452.27,5107.3999,4.056,99.05,5791.9102,6816.6299
2026-03-04,1483.0699,5120.2002,4.08,98.77,5093.54,6869.5
2026-03-05,1460.75,5065.2998,4.146,99.32,5583.8999,6830.71
2026-03-06,1479.51,5146.1001,4.133,98.99,5584.8701,6740.02
2026-03-09,1483.89,5091.5,4.136,99.18,5251.8701,6795.9902
2026-03-10,1464.47,5229.7002,4.136,98.83,5532.5898,6781.48
2026-03-11,1472.78,5167.3999,4.208,99.23,5609.9502,6775.7998
2026-03-12,1475.34,5115.7998,4.273,99.74,5583.25,6672.6201
2026-03-13,1470.58,5052.5,4.285,100.36,5487.2402,6632.1899
2026-03-16,1501.75,4994.0,4.22,99.71,5549.8501,6699.3799
2026-03-17,1488.91,5001.0,4.202,99.58,5640.48,6716.0898
2026-03-18,1484.87,4889.8999,4.259,100.09,5925.0298,6624.7002
2026-03-19,1505.25,4600.7002,4.281,99.23,5763.2202,6606.4902
2026-03-20,1489.84,4570.3999,4.391,99.65,5781.2002,6506.48
2026-03-23,1504.21,4404.1001,4.334,98.95,5405.75,6581.0
2026-03-24,1485.36,4399.2998,4.392,99.43,5553.9199,6556.3701
2026-03-25,1497.3101,4549.7998,4.328,99.6,5642.21,6591.8999
2026-03-26,1500.97,4375.5,4.416,99.9,5460.46,6477.1602
2026-03-27,1508.36,4492.0,4.44,100.15,5438.8701,6368.8501
2026-03-30,1507.02,4526.0,4.342,100.51,5277.2998,6343.7202
2026-03-31,1516.13,4647.6001,4.311,99.96,5052.46,6528.52
2026-04-01,1503.33,4783.2002,4.319,99.65,5478.7002,6575.3198
2026-04-02,1512.09,4651.5,4.313,100.03,5234.0498,6582.6899
2026-04-03,1509.22,4651.5,4.313,100.03,5377.2998,6582.6899
2026-04-06,1508.39,4690.8999,4.317,99.933,5377.2998,6604.1099
2026-04-07,1507.85,4657.1001,4.343,99.64,5494.7798,6616.8501
2026-04-08,1499.13,4749.5,4.291,99.13,5872.3398,6782.8101
2026-04-09,1477.6,4792.2002,4.293,98.82,5778.0098,6824.6602
2026-04-10,1473.28,4761.8999,4.317,98.65,5858.8701,6816.8901
2026-04-13,1482.1801,4742.3999,4.297,98.37,5808.6201,6886.2402
2026-04-14,1476.84,4825.0,4.256,98.12,5967.75,6967.3799
2026-04-15,1469.42,4800.0,4.282,98.06,6091.3901,7022.9502
2026-04-16,1474.0601,4785.3999,4.309,98.22,6226.0498,7041.2798
2026-04-17,1477.92,4857.6001,4.246,98.1,6191.9199,7126.0601
2026-04-20,1465.15,4806.6001,4.25,98.05,6219.0898,7109.1401
2026-04-21,1469.26,4698.3999,4.292,98.41,6388.4702,7064.0098
2026-04-22,1469.26,4698.3999,4.292,98.41,6417.9302,7064.0098
2026-04-23,1477.9599609375,4705.10009765625,4.322999954223633,98.8000030517578,6475.81005859375,7108.39990234375
2026-04-24,1479.949951171875,4722.2998046875,4.309999942779541,98.51000213623048,6475.6298828125,7165.080078125
2026-04-27,1474.68994140625,4675.39990234375,4.335999965667725,98.4800033569336,6615.02978515625,7173.91015625
2026-04-28,1473.0,4591.5,4.354000091552734,98.62000274658205,6641.02001953125,7138.7998046875
2026-04-29,1471.989990234375,4545.2001953125,4.418000221252441,98.91999816894533,6690.89990234375,7135.9501953125
2026-04-30,1487.3800048828125,4614.7001953125,4.389999866485596,98.08000183105467,6598.8701171875,7209.009765625
2026-05-01,1474.010009765625,4629.89990234375,4.377999782562256,98.20999908447266,6598.8701171875,7230.1201171875
2026-05-04,1471.72998046875,4519.5,4.446000099182129,98.47000122070312,6936.990234375,7200.75
2026-05-05,1476.050048828125,4555.7998046875,4.415999889373779,98.4800033569336,6936.990234375,7259.22021484375
2026-05-06,1473.9599609375,4681.89990234375,4.355999946594238,98.0199966430664,7384.56005859375,7365.1201171875
2026-05-07,1444.449951171875,4699.7998046875,4.392000198364258,98.25,7490.0498046875,7337.10986328125
2026-05-08,1454.7900390625,4720.39990234375,4.363999843597412,97.83999633789062,7498.0,7398.93017578125
2026-05-11,1460.550048828125,4718.7001953125,4.409999847412109,97.94000244140624,7822.240234375,7412.83984375
2026-05-12,1474.449951171875,4677.60009765625,4.4629998207092285,98.29000091552734,7643.14990234375,7400.9599609375
2026-05-13,1492.989990234375,4697.7001953125,4.480999946594238,98.4800033569336,7844.009765625,7444.25
2026-05-14,1489.8399658203125,4678.10009765625,4.460999965667725,98.87999725341795,7981.41015625,7501.240234375
2026-05-15,1493.3399658203125,4555.7998046875,4.59499979019165,99.2699966430664,7493.18017578125,7408.5
2026-05-18,1497.1500244140625,4552.5,4.623000144958496,98.97000122070312,7516.0400390625,7403.0498046875
2026-05-19,1492.3199462890625,4506.2998046875,4.666999816894531,99.3000030517578,7271.66015625,7353.60986328125
2026-05-20,1507.8499755859375,4531.2998046875,4.572000026702881,99.11000061035156,7208.9501953125,7432.97021484375
2026-05-21,1499.77001953125,4539.7998046875,4.585999965667725,99.19000244140624,7815.58984375,7445.72021484375
2026-05-22,1504.4000244140625,4521.0,4.558000087738037,99.31999969482422,7847.7099609375,7473.47021484375
2026-05-25,1512.8299560546875,4521.0,4.558000087738037,99.31999969482422,7847.7099609375,7473.47021484375
2026-05-26,1514.7900390625,4500.39990234375,4.493000030517578,99.16999816894533,8047.509765625,7519.1201171875
2026-05-27,1505.43994140625,4447.5,4.480999946594238,99.20999908447266,8228.7001953125,7520.35986328125
2026-05-28,1503.1099853515625,4499.2998046875,4.454999923706055,99.0199966430664,8185.2900390625,7563.6298828125
2026-05-29,1495.2900390625,4560.5,4.453000068664551,98.91000366210938,8476.150390625,7580.06005859375
2026-06-01,1508.4300537109375,4537.7001953125,4.453000068664551,99.0719985961914,8788.3798828125,7580.06005859375
2026-06-02,1511.27001953125,4489.10009765625,4.454999923706055,99.22000122070312,8801.490234375,7609.77978515625
2026-06-03,1516.5999755859375,4436.7001953125,4.491000175476074,99.52999877929688,8801.490234375,7553.68017578125
2026-06-04,1530.1099853515625,4475.7998046875,4.477000236511231,99.41000366210938,8639.41015625,7584.31005859375
2026-06-05,1533.0699462890625,4337.10009765625,4.535999774932861,100.06999969482422,8160.58984375,7383.740234375
2026-06-08,1554.47998046875,4335.89990234375,4.552000045776367,100.0500030517578,7484.41015625,7405.72998046875
2026-06-09,1528.8800048828125,4260.0,4.527999877929688,99.91000366210938,8096.93017578125,7386.64990234375
2026-06-10,1525.81005859375,4108.2001953125,4.541999816894531,99.9499969482422,7730.81982421875,7266.990234375
2026-06-11,1525.050048828125,4090.300048828125,4.4629998207092285,99.86000061035156,7763.9501953125,7394.2998046875
2026-06-12,1517.3800048828125,4215.0,4.486999988555908,99.75,8123.6201171875,7431.4599609375
2026-06-15,1509.5,4328.0,4.486999988555908,99.62999725341795,8545.98046875,7554.2900390625
2026-06-16,1513.31005859375,4330.89990234375,4.486999988555908,99.54000091552734,8726.599609375,7511.35009765625
2026-06-17,1513.31005859375,4330.89990234375,4.486999988555908,99.54000091552734,8864.240234375,7511.35009765625
2026-06-18,1524.760009765625,4330.89990234375,4.486999988555908,99.54000091552734,8885.91015625,7511.35009765625
